-- phpMyAdmin SQL Dump
-- version 5.0.2
-- https://www.phpmyadmin.net/
--
-- Host: 127.0.0.1
-- Generation Time: Oct 09, 2020 at 09:07 AM
-- Server version: 10.4.11-MariaDB
-- PHP Version: 7.4.4

SET SQL_MODE = "NO_AUTO_VALUE_ON_ZERO";
START TRANSACTION;
SET time_zone = "+00:00";


/*!40101 SET @OLD_CHARACTER_SET_CLIENT=@@CHARACTER_SET_CLIENT */;
/*!40101 SET @OLD_CHARACTER_SET_RESULTS=@@CHARACTER_SET_RESULTS */;
/*!40101 SET @OLD_COLLATION_CONNECTION=@@COLLATION_CONNECTION */;
/*!40101 SET NAMES utf8mb4 */;

--
-- Database: `hs_database`
--

-- --------------------------------------------------------

--
-- Table structure for table `auth_group`
--

CREATE TABLE `auth_group` (
  `id` int(11) NOT NULL,
  `name` varchar(150) NOT NULL
) ENGINE=InnoDB DEFAULT CHARSET=utf8mb4;

-- --------------------------------------------------------

--
-- Table structure for table `auth_group_permissions`
--

CREATE TABLE `auth_group_permissions` (
  `id` int(11) NOT NULL,
  `group_id` int(11) NOT NULL,
  `permission_id` int(11) NOT NULL
) ENGINE=InnoDB DEFAULT CHARSET=utf8mb4;

-- --------------------------------------------------------

--
-- Table structure for table `auth_permission`
--

CREATE TABLE `auth_permission` (
  `id` int(11) NOT NULL,
  `name` varchar(255) NOT NULL,
  `content_type_id` int(11) NOT NULL,
  `codename` varchar(100) NOT NULL
) ENGINE=InnoDB DEFAULT CHARSET=utf8mb4;

--
-- Dumping data for table `auth_permission`
--

INSERT INTO `auth_permission` (`id`, `name`, `content_type_id`, `codename`) VALUES
(1, 'Can add log entry', 1, 'add_logentry'),
(2, 'Can change log entry', 1, 'change_logentry'),
(3, 'Can delete log entry', 1, 'delete_logentry'),
(4, 'Can view log entry', 1, 'view_logentry'),
(5, 'Can add permission', 2, 'add_permission'),
(6, 'Can change permission', 2, 'change_permission'),
(7, 'Can delete permission', 2, 'delete_permission'),
(8, 'Can view permission', 2, 'view_permission'),
(9, 'Can add group', 3, 'add_group'),
(10, 'Can change group', 3, 'change_group'),
(11, 'Can delete group', 3, 'delete_group'),
(12, 'Can view group', 3, 'view_group'),
(13, 'Can add user', 4, 'add_user'),
(14, 'Can change user', 4, 'change_user'),
(15, 'Can delete user', 4, 'delete_user'),
(16, 'Can view user', 4, 'view_user'),
(17, 'Can add content type', 5, 'add_contenttype'),
(18, 'Can change content type', 5, 'change_contenttype'),
(19, 'Can delete content type', 5, 'delete_contenttype'),
(20, 'Can view content type', 5, 'view_contenttype'),
(21, 'Can add session', 6, 'add_session'),
(22, 'Can change session', 6, 'change_session'),
(23, 'Can delete session', 6, 'delete_session'),
(24, 'Can view session', 6, 'view_session'),
(25, 'Can add data cam', 7, 'add_datacam'),
(26, 'Can change data cam', 7, 'change_datacam'),
(27, 'Can delete data cam', 7, 'delete_datacam'),
(28, 'Can view data cam', 7, 'view_datacam'),
(29, 'Can add iklan', 8, 'add_iklan'),
(30, 'Can change iklan', 8, 'change_iklan'),
(31, 'Can delete iklan', 8, 'delete_iklan'),
(32, 'Can view iklan', 8, 'view_iklan');

-- --------------------------------------------------------

--
-- Table structure for table `auth_user`
--

CREATE TABLE `auth_user` (
  `id` int(11) NOT NULL,
  `password` varchar(128) NOT NULL,
  `last_login` datetime(6) DEFAULT NULL,
  `is_superuser` tinyint(1) NOT NULL,
  `username` varchar(150) NOT NULL,
  `first_name` varchar(150) NOT NULL,
  `last_name` varchar(150) NOT NULL,
  `email` varchar(254) NOT NULL,
  `is_staff` tinyint(1) NOT NULL,
  `is_active` tinyint(1) NOT NULL,
  `date_joined` datetime(6) NOT NULL
) ENGINE=InnoDB DEFAULT CHARSET=utf8mb4;

-- --------------------------------------------------------

--
-- Table structure for table `auth_user_groups`
--

CREATE TABLE `auth_user_groups` (
  `id` int(11) NOT NULL,
  `user_id` int(11) NOT NULL,
  `group_id` int(11) NOT NULL
) ENGINE=InnoDB DEFAULT CHARSET=utf8mb4;

-- --------------------------------------------------------

--
-- Table structure for table `auth_user_user_permissions`
--

CREATE TABLE `auth_user_user_permissions` (
  `id` int(11) NOT NULL,
  `user_id` int(11) NOT NULL,
  `permission_id` int(11) NOT NULL
) ENGINE=InnoDB DEFAULT CHARSET=utf8mb4;

-- --------------------------------------------------------

--
-- Table structure for table `data_cam`
--

CREATE TABLE `data_cam` (
  `id` int(255) NOT NULL,
  `id_iklan` int(255) NOT NULL,
  `kode_umur` varchar(30) NOT NULL,
  `kode_gender` varchar(30) NOT NULL,
  `waktu` timestamp NOT NULL DEFAULT current_timestamp()
) ENGINE=InnoDB DEFAULT CHARSET=utf8mb4;

--
-- Dumping data for table `data_cam`
--

INSERT INTO `data_cam` (`id`, `id_iklan`, `kode_umur`, `kode_gender`, `waktu`) VALUES
(1, 3, '\'25-32\'', '\'Male\'', '2020-10-02 02:36:33'),
(2, 2, '\'25-32\'', '\'Male\'', '2020-10-02 02:37:43'),
(3, 1, '\'25-32\'', '\'Male\'', '2020-10-02 02:38:47'),
(4, 3, '\'25-32\'', '\'Male\'', '2020-10-02 02:39:29'),
(5, 2, '\'25-32\'', '\'Male\'', '2020-10-02 02:41:02'),
(6, 1, '\'25-32\'', '\'Male\'', '2020-10-02 02:41:31'),
(7, 1, '\'25-32\'', '\'Male\'', '2020-10-02 02:42:02'),
(8, 2, '\'25-32\'', '\'Male\'', '2020-10-02 02:42:34'),
(9, 1, '\'25-32\'', '\'Male\'', '2020-10-02 02:42:51'),
(10, 3, '\'25-32\'', '\'Male\'', '2020-10-02 02:43:13'),
(11, 2, '\'21-32\'', '\'Male\'', '2020-10-02 02:44:04'),
(12, 3, '\'25-32\'', '\'Male\'', '2020-10-02 02:44:59'),
(13, 3, '\'25-32\'', '\'Male\'', '2020-10-02 02:46:19'),
(14, 3, '\'0-2\'', '\'Male\'', '2020-10-02 02:46:31'),
(15, 2, '\'25-32\'', '\'Male\'', '2020-10-02 02:46:43'),
(16, 2, '\'60-100\'', '\'Male\'', '2020-10-02 02:46:43'),
(17, 2, '\'25-32\'', '\'Female\'', '2020-10-02 08:26:40'),
(18, 1, '\'8-12\'', '\'Male\'', '2020-10-02 08:27:19'),
(19, 3, '\'8-12\'', '\'Female\'', '2020-10-02 10:09:13');

-- --------------------------------------------------------

--
-- Table structure for table `django_admin_log`
--

CREATE TABLE `django_admin_log` (
  `id` int(11) NOT NULL,
  `action_time` datetime(6) NOT NULL,
  `object_id` longtext DEFAULT NULL,
  `object_repr` varchar(200) NOT NULL,
  `action_flag` smallint(5) UNSIGNED NOT NULL CHECK (`action_flag` >= 0),
  `change_message` longtext NOT NULL,
  `content_type_id` int(11) DEFAULT NULL,
  `user_id` int(11) NOT NULL
) ENGINE=InnoDB DEFAULT CHARSET=utf8mb4;

-- --------------------------------------------------------

--
-- Table structure for table `django_content_type`
--

CREATE TABLE `django_content_type` (
  `id` int(11) NOT NULL,
  `app_label` varchar(100) NOT NULL,
  `model` varchar(100) NOT NULL
) ENGINE=InnoDB DEFAULT CHARSET=utf8mb4;

--
-- Dumping data for table `django_content_type`
--

INSERT INTO `django_content_type` (`id`, `app_label`, `model`) VALUES
(1, 'admin', 'logentry'),
(3, 'auth', 'group'),
(2, 'auth', 'permission'),
(4, 'auth', 'user'),
(5, 'contenttypes', 'contenttype'),
(6, 'sessions', 'session'),
(7, 'streamapp', 'datacam'),
(8, 'streamapp', 'iklan');

-- --------------------------------------------------------

--
-- Table structure for table `django_migrations`
--

CREATE TABLE `django_migrations` (
  `id` int(11) NOT NULL,
  `app` varchar(255) NOT NULL,
  `name` varchar(255) NOT NULL,
  `applied` datetime(6) NOT NULL
) ENGINE=InnoDB DEFAULT CHARSET=utf8mb4;

--
-- Dumping data for table `django_migrations`
--

INSERT INTO `django_migrations` (`id`, `app`, `name`, `applied`) VALUES
(1, 'contenttypes', '0001_initial', '2020-09-18 09:02:23.091767'),
(2, 'auth', '0001_initial', '2020-09-18 09:02:24.521827'),
(3, 'admin', '0001_initial', '2020-09-18 09:02:32.899419'),
(4, 'admin', '0002_logentry_remove_auto_add', '2020-09-18 09:02:35.107603'),
(5, 'admin', '0003_logentry_add_action_flag_choices', '2020-09-18 09:02:35.154648'),
(6, 'contenttypes', '0002_remove_content_type_name', '2020-09-18 09:02:35.813746'),
(7, 'auth', '0002_alter_permission_name_max_length', '2020-09-18 09:02:36.778890'),
(8, 'auth', '0003_alter_user_email_max_length', '2020-09-18 09:02:37.157676'),
(9, 'auth', '0004_alter_user_username_opts', '2020-09-18 09:02:37.194056'),
(10, 'auth', '0005_alter_user_last_login_null', '2020-09-18 09:02:38.255617'),
(11, 'auth', '0006_require_contenttypes_0002', '2020-09-18 09:02:38.287210'),
(12, 'auth', '0007_alter_validators_add_error_messages', '2020-09-18 09:02:38.315944'),
(13, 'auth', '0008_alter_user_username_max_length', '2020-09-18 09:02:38.445660'),
(14, 'auth', '0009_alter_user_last_name_max_length', '2020-09-18 09:02:38.611609'),
(15, 'auth', '0010_alter_group_name_max_length', '2020-09-18 09:02:38.723506'),
(16, 'auth', '0011_update_proxy_permissions', '2020-09-18 09:02:38.748491'),
(17, 'auth', '0012_alter_user_first_name_max_length', '2020-09-18 09:02:38.834492'),
(18, 'sessions', '0001_initial', '2020-09-18 09:02:39.110581'),
(19, 'streamapp', '0001_initial', '2020-09-18 09:02:39.268469');

-- --------------------------------------------------------

--
-- Table structure for table `django_session`
--

CREATE TABLE `django_session` (
  `session_key` varchar(40) NOT NULL,
  `session_data` longtext NOT NULL,
  `expire_date` datetime(6) NOT NULL
) ENGINE=InnoDB DEFAULT CHARSET=utf8mb4;

--
-- Dumping data for table `django_session`
--

INSERT INTO `django_session` (`session_key`, `session_data`, `expire_date`) VALUES
('00ssvc9cnrto3su01a3g2wm8tu2ognnm', 'eyJpZF9sb29wIjoxLCJkYXRhX2hpdHVuZyI6NTB9:1kL3f9:gpVw20rso9t4atkyEG1Kf4scEPfbLajg2sMvAKMA1n0', '2020-10-07 12:14:19.729105'),
('01pnblfhklbzqh99f74906ozn3rlr2wi', 'eyJpZF9sb29wIjoyLCJkYXRhX2hpdHVuZyI6M30:1kKarG:tdjfDkgDQOJeRtxpSJbjB7-gQdOq8pobMHOI1cYCiBI', '2020-10-06 05:28:54.919407'),
('03xjgq4dupec9dbyamnvkry7qt3lvd3r', 'eyJpZF9sb29wIjoyLCJkYXRhX2hpdHVuZyI6N30:1kKFZj:bsB2A6N2CTPZ7jZY1Va9E2AWN8lZ4MXOvd7AJtL3vSw', '2020-10-05 06:45:23.637950'),
('0jsllrqh69tof5p26e3zwwaiyo19k4d8', 'eyJpZF9sb29wIjoyLCJkYXRhX2hpdHVuZyI6MTB9:1kKG5B:7bnok3yk3IfaGf-ajzSkk7rHFidlCFkDC6DAYlz2nM8', '2020-10-05 07:17:53.187301'),
('0kgx30aol36dl80i68k5ya2c1php94sc', 'eyJpZF9sb29wIjoyLCJkYXRhX2hpdHVuZyI6MH0:1kKFFB:IfeQevkiylQ0-d_R7rBi2iH_QjB6Xrdf0iT9F3sidEI', '2020-10-05 06:24:09.133425'),
('0p7i2ev1a23myffsm66efxxhow1wo3at', 'eyJpZF9sb29wIjoxLCJkYXRhX2hpdHVuZyI6MX0:1kNrZC:XlwDIXjIDQ7hrZSklEpakWSQcP_L-MbcVRnxN2SPyCk', '2020-10-15 05:55:46.375679'),
('0us1axetfdlwabuphh18lyfvpd391i9e', 'eyJpZF9sb29wIjoyLCJkYXRhX2hpdHVuZyI6MH0:1kKDpV:6EL4g0yFN60Gzc0J_dizYesqFppFJpV8cdj1MLVu0Hg', '2020-10-05 04:53:33.220826'),
('14stxm19y8xfx770g4uef0hbnmyr438v', 'eyJpZF9sb29wIjozLCJkYXRhX2hpdHVuZyI6MTR9:1kKGWw:jfXufFDRDje8FjGGRxsth-ejGRABrfxHI32jrEIFpvM', '2020-10-05 07:46:34.087183'),
('156hb2daextn09pz4slbhnb4ubr7st6t', 'eyJpZF9sb29wIjoyLCJkYXRhX2hpdHVuZyI6OX0:1kNqFE:OtPTqlmuSIKIUs56UuaLRDvCiKjzQ80-SyClPKh3FXk', '2020-10-15 04:31:04.574893'),
('1czvig9d50l9v8951oga8bvwwmg55i6x', 'eyJpZF9sb29wIjoyLCJkYXRhX2hpdHVuZyI6Mzd9:1kKvHN:CIv5_4T14zWM_OVgCrXH-LHBhiyzvxz80k0cZYMdqYk', '2020-10-07 03:17:13.625161'),
('1dfce5n5mavdodtu6z6vfz40v5vdzhx8', 'eyJpZF9sb29wIjoyLCJkYXRhX2hpdHVuZyI6MH0:1kOB0I:bWd58mfSyahT_y-l1hdrCBPLb5jQWB8g0CBvhWjsaJI', '2020-10-16 02:41:02.302390'),
('1rlx3susr6oo1j6eblsof8zxiovdtves', 'eyJpZF9sb29wIjoyLCJkYXRhX2hpdHVuZyI6MH0:1kKDTF:5TgQiWxbfSGjXZzETpNb1yplgJ9xPbfYRDF9cidhHcY', '2020-10-05 04:30:33.959414'),
('1s0rc7mxyjru9mlt6ntxql0jw78seu4v', 'eyJpZF9sb29wIjoxLCJkYXRhX2hpdHVuZyI6Mn0:1kLLnk:illCFnqR7-xz_FWaIJWrWACRbv6gewFD1fu_Z_DRgPU', '2020-10-08 07:36:24.514890'),
('1s553cndz5xun0q5wxuy2vyd308dyjjw', 'eyJpZF9sb29wIjozLCJkYXRhX2hpdHVuZyI6MH0:1kOAcT:TTYc8vOcpwuFq2Ow9-VkZNAmMEn1kL1x2btBJYRP1g0', '2020-10-16 02:16:25.977218'),
('1t4p2d8coys67a656vpg88dpesy3nqgi', 'eyJpZF9sb29wIjoyLCJkYXRhX2hpdHVuZyI6MH0:1kLLcH:Fd5Y8UTEGVNZZzZAdKc5p7DmzkbshIjrDQFUpPAoggk', '2020-10-08 07:24:33.558822'),
('1u4jpbd22wrv8hen9md66m5li7iqm65i', 'eyJpZF9sb29wIjoyLCJkYXRhX2hpdHVuZyI6MX0:1kLNe4:a2uosXow9j63jx2rlfLB_lVlyE97cNcZ_S8Y4MJ0bmw', '2020-10-08 09:34:32.088882'),
('200sry0qdorj358qhgexglmwnhx6s2b9', 'eyJpZF9sb29wIjozLCJkYXRhX2hpdHVuZyI6MjB9:1kKHhR:DPH8IkM71vT5Kaaw4iYLfONPXtd1r4Dgtfar5uY5h0E', '2020-10-05 09:01:29.656855'),
('20a2m8o4yjgkbzbu8am9plm6d1geuhwi', 'eyJpZF9sb29wIjoxLCJkYXRhX2hpdHVuZyI6MH0:1kKFET:62TJYt9ODZY_XmLPW3xLKbWbZmeVDtX7MJArwySG3lE', '2020-10-05 06:23:25.415681'),
('22y7u5y5uuyqf5nfj0gs2d3eojbzea3t', 'eyJpZF9sb29wIjozLCJkYXRhX2hpdHVuZyI6Mn0:1kOB2N:n490pHt295SC41ZIqq1e6gLbYUnkMf5ZD_7BmNX4rV8', '2020-10-16 02:43:11.465743'),
('23jlfnapgwcloyywpun44j964szhpwev', 'eyJpZF9sb29wIjoyLCJkYXRhX2hpdHVuZyI6Mn0:1kMo1B:ulvs0ZCU2g3G-3AAJtdliadUoyCV9AMTb-rcjX4IzXU', '2020-10-12 07:56:17.948633'),
('246g74oukb4v3m4psyd2fm9ukwc6ymz9', 'eyJpZF9sb29wIjozLCJkYXRhX2hpdHVuZyI6Nn0:1kLM2P:3uHjqg-BAfYv6IAMDi3VIlNaQ1ae0WFiRIOYQZgBYU8', '2020-10-08 07:51:33.137999'),
('2dqef6gdkaxt08nebizkz75fa44z2tz7', 'eyJpZF9sb29wIjozLCJkYXRhX2hpdHVuZyI6MTEzfQ:1kLJ6T:Alsz0-BpiMZBU0Z4OVp3SBw9t1MSpKKQXjqv1NImriE', '2020-10-08 04:43:33.160759'),
('2q5g3pte2uchfvnswb2hslc9e3d3f4yc', 'eyJpZF9sb29wIjozLCJkYXRhX2hpdHVuZyI6MTEzfQ:1kLJ43:WwexjBr5HMtXQqxCrE39_m-VkgehYMxjSMU8_Fc66LE', '2020-10-08 04:41:03.000049'),
('2rekel78pllbnmpybpagiadnakq0h0o4', 'eyJpZF9sb29wIjoyLCJkYXRhX2hpdHVuZyI6NDR9:1kKw8h:jUH6izEAUtw2k0SG0DKgIL278qH2dVKOsFl5V9NcQpA', '2020-10-07 04:12:19.450911'),
('2uleo8sbxi9sv9glanqcmkknr8hzzder', 'eyJpZF9sb29wIjoxLCJkYXRhX2hpdHVuZyI6NzB9:1kL0Cp:DzM3KGbzHjIKRmkOKrx9nzimdAl7grpZwK4jAfO4wNo', '2020-10-07 08:32:51.547499'),
('2v4qwws2sthtwt74irlvik04m9e78xu0', 'eyJpZF9sb29wIjoyLCJkYXRhX2hpdHVuZyI6OTN9:1kKyeN:VDDSwezeZ7Iham3x9mxspg8ovitqOTHvxN7a4lP_gCw', '2020-10-07 06:53:11.199662'),
('2vzbijhqqc0chsuf25uidqcy8britv5l', 'eyJpZF9sb29wIjozLCJkYXRhX2hpdHVuZyI6OTN9:1kKyl8:FFgoQGgA71ai2VvAco0FyEd7riwLmf-eCEshFBjj4JY', '2020-10-07 07:00:10.349897'),
('30zaznqmedu8r46jbjp60taid3fpmfwi', 'eyJpZF9sb29wIjozLCJkYXRhX2hpdHVuZyI6MTR9:1kLNRJ:eCfyR7I0O-Wf1a-tG8vzBaXtBONNKzViOgc5z327Jr8', '2020-10-08 09:21:21.523628'),
('330s9dcs0i874fgm4rvwuugetp3qdhkm', 'eyJpZF9sb29wIjozLCJkYXRhX2hpdHVuZyI6MTA0fQ:1kKz2R:aekTo_2UIxInloNd70uo_xuMADoA9WLd06-Sbs1bu4Q', '2020-10-07 07:18:03.000179'),
('36777joelucgnql39bqcn3vog9v3dpku', 'eyJpZF9sb29wIjoyLCJkYXRhX2hpdHVuZyI6MzN9:1kL3y7:CxK0Sfr_GBTNq6wkRryMQ6vTuBSPjL3WGmHKEyJZfa4', '2020-10-07 12:33:55.340757'),
('36x4gr22v9t3fcw7ldjpzov7u7uy0ws0', 'eyJpZF9sb29wIjozLCJkYXRhX2hpdHVuZyI6NH0:1kNpYX:0jzY9GcwdQ7ZBtImdlXNL9sHjIICo7KTEgrm7KkQogs', '2020-10-15 03:46:57.355654'),
('3hzjxc7t7unv2fvpsmhm4dbrqz8jouja', 'eyJpZF9sb29wIjozLCJkYXRhX2hpdHVuZyI6MTB9:1kLNBE:zw-upzzs2-1CiC72nSXxMHoy5U3xxGEE3gvNXuDo1QQ', '2020-10-08 09:04:44.499715'),
('3kx5z5i4ei6qt8m56smphve7acvm5h87', 'eyJpZF9sb29wIjoyLCJkYXRhX2hpdHVuZyI6Mn0:1kN7PU:sZHKAmXXcIM1bYJ0kjHcAv749y9wtC5NCoEToVWj4po', '2020-10-13 04:38:40.249566'),
('3rhsxsyd3sbnwsem4wclitx1uxi3fb99', 'eyJpZF9sb29wIjozLCJkYXRhX2hpdHVuZyI6MX0:1kKDnc:Kk0orMtVa6dbdOojBWN6uGALCctHPCpGTqByQ2pudVE', '2020-10-05 04:51:36.772712'),
('3tzn453rf8vo1d1yw3lbvq1qlqomak6e', 'eyJpZF9sb29wIjozLCJkYXRhX2hpdHVuZyI6OTN9:1kKyhj:ctGI0oaFQCxRo3R5YoK84F-vVokCBbo8InT0HFYrJPU', '2020-10-07 06:56:39.036993'),
('419gmvxgj3928kzx1fpcxhvsetuyrnhf', 'eyJpZF9sb29wIjozLCJkYXRhX2hpdHVuZyI6MH0:1kKDfA:O9XwqEMW6kkoch4owOe1IOmsX6gzdmhxaeqm8mgiMDk', '2020-10-05 04:42:52.291139'),
('42is7kn09lnh3h5f2aj3xe3h7h3f1avg', 'eyJpZF9sb29wIjoxLCJkYXRhX2hpdHVuZyI6MTl9:1kKHiB:mEfr8CHLwNP3ieJaXDgXLrwXKJ08IWbB_TJWZ3NeR2c', '2020-10-05 09:02:15.842999'),
('47lmchbcigklutftkfudtakf7vgj06vs', 'eyJpZF9sb29wIjoxLCJkYXRhX2hpdHVuZyI6Nn0:1kKFNJ:mCH9Ito1fB6iuge95-B9CdnwBzK5_NBk5x4BEOyibLw', '2020-10-05 06:32:33.048321'),
('480gpd7kvu4s67t67zyleokmx2jazlsi', 'eyJpZF9sb29wIjoyLCJkYXRhX2hpdHVuZyI6MTV9:1kKGnJ:xLXTkEA2UME17-4K1c_mt-P-MSSIlC10yKtpLjz5bKQ', '2020-10-05 08:03:29.480904'),
('4j1m8rac7xfsdsglcxtbp4r3b7zqoagy', 'eyJpZF9sb29wIjozLCJkYXRhX2hpdHVuZyI6NDR9:1kKyQw:UMiQo0Pon31BzGeR6fN0qWwh5oKz7JqVkNowj1fGN2Y', '2020-10-07 06:39:18.323488'),
('4l56ufniw9clb7vz11xwnqvk18lvjxkv', 'eyJpZF9sb29wIjoxLCJkYXRhX2hpdHVuZyI6MH0:1kKDjr:wlblJpbKNBt4BGMyxR-ItebMcIt5XnPhVa3pHXiuxA0', '2020-10-05 04:47:43.203669'),
('4lnmt01f4gow3sl94jpjym0wqld72hzp', 'eyJpZF9sb29wIjoxLCJkYXRhX2hpdHVuZyI6Mzh9:1kKyKk:71uhaOk6Iqo6oSz612JNR1LyTI2wwA94QfeY3oj6ObI', '2020-10-07 06:32:54.633981'),
('4mf2fijmoc2z3cie3b2x2dqt421fp6yf', 'eyJpZF9sb29wIjozLCJkYXRhX2hpdHVuZyI6NX0:1kQRda:6o1B7mQsbRvm1nfxcF_h270730EPwb9yq1V7TnYBL2E', '2020-10-22 08:50:58.499848'),
('4tiutlqv6dhs8yhgssju07ac6n9s5f2e', 'eyJpZF9sb29wIjozLCJkYXRhX2hpdHVuZyI6NX0:1kKE6c:y_9qGD7J85de62CWQe7O-rynUga1jJiKLV_qCieKYHE', '2020-10-05 05:11:14.065909'),
('5228ii70rk0oh2882zuewmsknxownslx', 'eyJpZF9sb29wIjozLCJkYXRhX2hpdHVuZyI6OTR9:1kL3ze:t02wOwZ4aMlwpJiTAx42E4qTGFCEBq8YKzIZRoCCLig', '2020-10-07 12:35:30.714107'),
('59ftouaxh8d4sm93slqw6v2lmcc19lyz', 'eyJpZF9sb29wIjozLCJkYXRhX2hpdHVuZyI6MH0:1kLLoY:hLDjgNIaZXQBrJ8hQUn43IHSE0orilD8MHP9WYDtm7o', '2020-10-08 07:37:14.348851'),
('5g4xy0lus1hzcxz0aghw4agwuns70ead', 'eyJpZF9sb29wIjoxLCJkYXRhX2hpdHVuZyI6MTF9:1kKGFF:xRIcVuH74MwkxIJwNGr0Xj-BQBWZOELAYufcgu7rBJM', '2020-10-05 07:28:17.509237'),
('5h8sy7327xky8mc3ddn2z5w3v8ellic5', 'eyJpZF9sb29wIjozLCJkYXRhX2hpdHVuZyI6MX0:1kLLrJ:zcYInSl_g1MEYNCL8kghi9y7DyIbVGVq6ePpZDeHyME', '2020-10-08 07:40:05.163465'),
('61d22xxyvboc02i0ymhulsj5pqttei1h', 'eyJpZF9sb29wIjozLCJkYXRhX2hpdHVuZyI6OTh9:1kLDXs:Q-zvMvq_j8TgKoWFs2kz27Bf6HRA-iUKn4gPMk37XIY', '2020-10-07 22:47:28.585504'),
('66ex470obsc539apkvivcpbrowairu7f', 'eyJpZF9sb29wIjozLCJkYXRhX2hpdHVuZyI6N30:1kKFYx:oanIxOKCD4xBjJuw04P7xBGt5fZWM8Pc54kHM0b9vNY', '2020-10-05 06:44:35.793662'),
('66mjv50ygump67q3sd4pcumvputjpxn9', 'eyJpZF9sb29wIjozLCJkYXRhX2hpdHVuZyI6MTR9:1kKGdw:CrcP-oP40QcivMx2Un8HSWv4p-lEV2GdRGPAQR0cb4s', '2020-10-05 07:53:48.705954'),
('69toiaszjj69mtt0nhfrb8rw1p6k3gjo', 'eyJpZF9sb29wIjoyLCJkYXRhX2hpdHVuZyI6MX0:1kKaps:Vj0fRTaXJp5xGk_NUW5BHmnDlE9ksUtycmgqXU8iWaE', '2020-10-06 05:27:28.929488'),
('69vyhnylfn59ebgt9r3zunu9hl88adsc', 'eyJpZF9sb29wIjozLCJkYXRhX2hpdHVuZyI6OH0:1kLM8p:z7TjYgfKuJ-xdS1eC0VdfjBx-bvvnQp4HfP8GZXERCo', '2020-10-08 07:58:11.002103'),
('6a9icwae3pqwvr265x5uj6n944cm0z5u', 'eyJpZF9sb29wIjozLCJkYXRhX2hpdHVuZyI6N30:1kKFZN:MTR-54qcjY681w3jB__OfJZhGpSAcTx636DRWQxF_8o', '2020-10-05 06:45:01.832330'),
('6cgqjegky7h2ovo149eruuetrzbck316', 'eyJpZF9sb29wIjozLCJkYXRhX2hpdHVuZyI6MTE5fQ:1kLKQY:Z_usmcGRN50vn19VwJvMzdmzWhhhwpZA2PegUrGZ6EI', '2020-10-08 06:08:22.307077'),
('6filuuc95b4zenkz1tsgyyo2oappr4jk', 'eyJpZF9sb29wIjozfQ:1kJxut:Z-m1ql7xEV21HBaPXRJox2WjFD7LfDwSd4Kr8diZxLQ', '2020-10-04 11:54:03.216673'),
('6fqahs6ksftylgkc0k5juhx3ke74a80j', 'eyJpZF9sb29wIjozLCJkYXRhX2hpdHVuZyI6M30:1kLLwm:bgl4wKDP-QjjSmT7_7Jh0kZvCindy7BJ8kLfWsQTsm4', '2020-10-08 07:45:44.410789'),
('6fssqw242dxgbzc1yq6gxfa9pc3v3hq2', 'eyJpZF9sb29wIjoxLCJkYXRhX2hpdHVuZyI6NDR9:1kKykI:ivNil7rl7csqUGxQD05Yfr3dK4GxtWTRFZohIZE_Qwc', '2020-10-07 06:59:18.360847'),
('6o57fzj1pcczx7xmc028qmdcwv2pz77l', 'eyJpZF9sb29wIjozLCJkYXRhX2hpdHVuZyI6OX0:1kKFoO:Omfzkqo53anT3szhuYuSRfMkIwaJ7m8zRqodjHD-XKM', '2020-10-05 07:00:32.583702'),
('6r6uehjv6w62zwje9rbovr9kj20xhbgd', 'eyJpZF9sb29wIjoyLCJkYXRhX2hpdHVuZyI6MTZ9:1kL3Qv:nEpcWSjiKYVr-ld4koQVT4itD2PEWav0cLofP2DqS3A', '2020-10-07 11:59:37.781453'),
('6yjy4uzxiqn69hwqnmnymb21yelu5p5f', 'eyJpZF9sb29wIjoyLCJkYXRhX2hpdHVuZyI6Nzd9:1kL3ND:hwFnHuvCfayOwQocPpVZb7nQZosCrOqeiZ42ZQmet_s', '2020-10-07 11:55:47.479870'),
('74bdxifeiypz2l2m0ekl4pmcpttnxvls', 'eyJpZF9sb29wIjozLCJkYXRhX2hpdHVuZyI6NTh9:1kKyyj:B0wIen9prKHnOtBTT1gjXWw9oqS-uavKoaCzE8FI1D4', '2020-10-07 07:14:13.857670'),
('78tm0cbqfwo9fblc2o3et0bzqmpn6680', 'eyJpZF9sb29wIjozLCJkYXRhX2hpdHVuZyI6MTEyfQ:1kL0Pg:lv8Cd5KVXMS2AgYi-Ig8DclGe6sKy2_IFxb3sHC3XGc', '2020-10-07 08:46:08.823785'),
('7a8vgc8jjbsqhtuyk70ddaeivbvs7gcm', 'eyJpZF9sb29wIjozLCJkYXRhX2hpdHVuZyI6OTd9:1kKyx9:xxUw2oob7uVxo8xaUMWur7gDX_K-j5vWZMgrzRop11M', '2020-10-07 07:12:35.909827'),
('7axchel1th5i9vhbnmuytybxouhsrgtv', 'eyJpZF9sb29wIjoyLCJkYXRhX2hpdHVuZyI6Mn0:1kN7f3:LRz0002JPMEnu8hRTYrbnMUNoBNf8FP3uxVG6kn_7rU', '2020-10-13 04:54:45.772086'),
('7eq7e8s34se04q2t5w32k5yax746zpp1', 'eyJpZF9sb29wIjoxLCJkYXRhX2hpdHVuZyI6NTB9:1kLDWz:Qmh6ylCbcQFIHsy3ltm7yZ5PfJLfElq0_kJVQYFswxY', '2020-10-07 22:46:33.394629'),
('7rtgsgch3px4q0q2tnu4tdx95t6ly4fh', 'eyJpZF9sb29wIjoxLCJkYXRhX2hpdHVuZyI6MH0:1kOAfd:NHhu7m9tkMzMTe01BTZLK8dP1fRiErBhZeyWVyYLMho', '2020-10-16 02:19:41.818470'),
('7wcmrt6gbbksh7ubmzkd7saqqb1vz9oz', 'eyJpZF9sb29wIjoxLCJkYXRhX2hpdHVuZyI6NjB9:1kLKVc:kNZVxvq2g-tFJE5OPdZWGi5LW1t0UfbZRwFfehSmC2g', '2020-10-08 06:13:36.410400'),
('7x0xut6zf1p6e5hlj49all76x37kjx53', 'eyJpZF9sb29wIjozLCJkYXRhX2hpdHVuZyI6NTB9:1kL3k9:zONWyY6rd4IPfk7oHQkTAFS2Q4_wFZ04X39_UQxqtLE', '2020-10-07 12:19:29.202334'),
('8c4o9olgrxhutziwy8qarwj09cxzeaci', 'eyJpZF9sb29wIjozLCJkYXRhX2hpdHVuZyI6MTEzfQ:1kLJ4e:liF6NZKW3eKDaNrJ542_7beVdsxBNNeNt7_hupyjMUo', '2020-10-08 04:41:40.908312'),
('8j1m5nfpx3x3joinlik3cuk01r2r94xq', 'eyJpZF9sb29wIjozLCJkYXRhX2hpdHVuZyI6MTR9:1kLNRp:H229EFGp8k7R4XidHyyiFlOj8Jgzh9dUftndwicLHyg', '2020-10-08 09:21:53.283072'),
('8urliben0zq6k8cqkljq6zgh2bnb1ruz', 'eyJpZF9sb29wIjoxLCJkYXRhX2hpdHVuZyI6MX0:1kKDlT:h4A2A2wp5cYV5RirEAm7vEKFjF43Rp5u_wRvFQnLqDo', '2020-10-05 04:49:23.569571'),
('8w93xwhww0xw7a0279lyt45xzr0m2wyk', 'eyJpZF9sb29wIjoyLCJkYXRhX2hpdHVuZyI6NjZ9:1kLJ5J:V8_cdney8DTeedOl-SL7upGd1-w7hWUTCRS9OgGZ6SY', '2020-10-08 04:42:21.403192'),
('90txvfqkynocsyhhs26vhmqnmfqv9jej', 'eyJpZF9sb29wIjoxLCJkYXRhX2hpdHVuZyI6MjN9:1kL34I:8dQMfzyrtWycVI7ht0DZFwSIEbwjYZn4SKVRgamap88', '2020-10-07 11:36:14.590091'),
('950qn2w51edclyziiyrsl3nedtpyib40', 'eyJpZF9sb29wIjozLCJkYXRhX2hpdHVuZyI6MTV9:1kKZqx:qv3_0Xmq66GCMALVf6fpssQOEbfNKRRvWtzMBpkO-Mg', '2020-10-06 04:24:31.792340'),
('96okuo0dxo4woy4jp805mzxobg05fn3f', 'eyJpZF9sb29wIjozLCJkYXRhX2hpdHVuZyI6MTd9:1kLNTN:VBpRUb4qbj2i47LXqc_48G5srqvs89I_lw2X-Cy-1lc', '2020-10-08 09:23:29.125575'),
('97hrao62qmpdr9o92iuxl6x944p79ik3', 'eyJpZF9sb29wIjozLCJkYXRhX2hpdHVuZyI6Mn0:1kKasd:O8wW-gWfUcrbOR0HKIxG4xZ--9Verr0bCxB-A9z5z8I', '2020-10-06 05:30:19.759081'),
('9f0g0pgm3ag4pkxw3k1eavvolvj4pgmr', 'eyJpZF9sb29wIjozLCJkYXRhX2hpdHVuZyI6MX0:1kKDoz:1Kf2LfHwUjJkszbspf3uYCRzGUFtuGbFhRD12anEutg', '2020-10-05 04:53:01.848583'),
('9hcjpd7mmdvmm19ydp0a8dz0bn74x4cx', 'eyJpZF9sb29wIjozLCJkYXRhX2hpdHVuZyI6MTI1fQ:1kL0cq:T73NVZxwq-xYBol5-3yEZa_JkAg4RyzzFbIgS4UdED8', '2020-10-07 08:59:44.504044'),
('9l2p1a4f79et83h6ri79mmlnq2bpjme4', 'eyJpZF9sb29wIjozLCJkYXRhX2hpdHVuZyI6OTN9:1kL3nH:15h0izI18lh_YTO9I5Al_BFiAh6XmaWHMutBpquMN3o', '2020-10-07 12:22:43.282214'),
('9pu1tmxxod9ltt65ngjgmphs2e4aw2d7', 'eyJpZF9sb29wIjozLCJkYXRhX2hpdHVuZyI6MTJ9:1kLNCY:vhtdMsmf8hQQ9lJcDrXGmLahCxs9BFHe7bbIOefF9jc', '2020-10-08 09:06:06.583103'),
('9u5hev8a4wkybolcf27fgz81qtscxl0c', 'eyJpZF9sb29wIjoxLCJkYXRhX2hpdHVuZyI6MH0:1kLLiJ:crpbLQHvJjWtEcfUIDHZcPYVTIrTwEu5wX__xhnoDCs', '2020-10-08 07:30:47.802947'),
('9vnsnb6nzjukt0v4c13nth4vcurvxeop', 'eyJpZF9sb29wIjoxLCJkYXRhX2hpdHVuZyI6MH0:1kKDSZ:1W-xnEMgLrzE6F9n_4D9mW7Buobr9ro1gIrOFv6PPE4', '2020-10-05 04:29:51.122024'),
('9wws5t9yo5rm7lb10ijno6bb21flkzm0', 'eyJpZF9sb29wIjoxLCJkYXRhX2hpdHVuZyI6NjZ9:1kLLNt:5hrNbQUdlMllSrXTeENRLS4ftsNUZUqlpn6LvTZa5rI', '2020-10-08 07:09:41.543139'),
('9yalwvvwx7h78v3jnesrow0axl3voc6f', 'eyJpZF9sb29wIjoyLCJkYXRhX2hpdHVuZyI6MH0:1kKaEp:Bcchqcgh45ECkr2lghYbOJ-a6ETmXfbk8urbdiRt75I', '2020-10-06 04:49:11.493371'),
('a1d9gw4xf7fz81wa0qe36clgxovg2tv1', 'eyJpZF9sb29wIjozLCJkYXRhX2hpdHVuZyI6MTR9:1kLNQ2:scTTob130gXf6O172iUw1yHjU4OizucTwr9_7AOLGUY', '2020-10-08 09:20:02.433112'),
('a394rt66pdwktilehwem3ygwzmer1szp', 'eyJpZF9sb29wIjozLCJkYXRhX2hpdHVuZyI6NzR9:1kKyMp:NvDQTuV3xhbqdPK1PmfQyS4gKOboG0ZPTYoR8fNNWEI', '2020-10-07 06:35:03.820460'),
('ag3gldk82croniiwzaspi1pblbm30o4c', 'eyJpZF9sb29wIjoxLCJkYXRhX2hpdHVuZyI6MX0:1kOB0i:qEPBvFf4q57V-XDSME2j1KqGKGcG9_I9LvKzv6Bwi0s', '2020-10-16 02:41:28.931721'),
('akpprr4l7430592glz4jqd9ixg7c73bw', 'eyJpZF9sb29wIjoyLCJkYXRhX2hpdHVuZyI6NDR9:1kKyY9:AAR_myWkbDhSHh5CwoCoj4lL3nwLAKPKGiNwszi53QA', '2020-10-07 06:46:45.710012'),
('apqnyaw1iha6ntxbg5u4al4ta2qm4qiz', 'eyJpZF9sb29wIjoyLCJkYXRhX2hpdHVuZyI6MH0:1kKZJ6:jmanGvENix_-CE2lqTvOcrW7bW-igZf81-dfSn0aqEs', '2020-10-06 03:49:32.037298'),
('aqot2oiojitf887gmdyawrt5johkb2tk', 'eyJpZF9sb29wIjoyLCJkYXRhX2hpdHVuZyI6NTh9:1kLH43:LQV2hNs8ZGUnFlljzzSH4jsEpDj9SOjesAuMuPy9gHk', '2020-10-08 02:32:55.600203'),
('ara26z31bid12s2aw0nkagm01ninluei', 'eyJpZF9sb29wIjoyLCJkYXRhX2hpdHVuZyI6MTZ9:1kL3YU:ULRDzWZ9xSBcIbqDZYLTCXZjJR-PFIzf8pEq4ACA-KI', '2020-10-07 12:07:26.581956'),
('atdnskuwe4kshq4qukqopbj4uvo38ofz', 'eyJpZF9sb29wIjoyLCJkYXRhX2hpdHVuZyI6MTB9:1kLNPR:MtbBaeYG3SbBTCuXSg9CP7Sufwhn-VDkAiHanQhUkjM', '2020-10-08 09:19:25.262006'),
('av8zeqr55dw3yzutuj17apb0fdnp2n6j', 'eyJpZF9sb29wIjoxLCJkYXRhX2hpdHVuZyI6NjB9:1kKzNC:AmpYXuHe4Gi79_D8jzkR7B5ESqX_dgjw5IUotfJ9QZY', '2020-10-07 07:39:30.600086'),
('avvmezdwtofgr20ciafnetoyrtii73sx', 'eyJpZF9sb29wIjoxLCJkYXRhX2hpdHVuZyI6MTJ9:1kKGIG:aPmrTFvNDl1232X1Cev1nCZm61gY6MHL8MO4Zpgdugc', '2020-10-05 07:31:24.335617'),
('axsv05x5sbnngef1n9ai1v513v9zpjhf', 'eyJpZF9sb29wIjoxLCJkYXRhX2hpdHVuZyI6MH0:1kLNTy:aUD1lUb36APrnnZpZjjPNEeZtYxgr-2QT6gklTXDvj0', '2020-10-08 09:24:06.741308'),
('b13wfnow0u7g7ihyqokmbrhjq5e0ywab', 'eyJpZF9sb29wIjoyLCJkYXRhX2hpdHVuZyI6Mn0:1kKuus:Cenets7mFN7hVqO21peMvs_FuiV0q-rfbRx3r7XS1JI', '2020-10-07 02:53:58.779162'),
('b3wp8ft3ba472aoawxhe57nkx8kvgh0l', 'eyJpZF9sb29wIjoyLCJkYXRhX2hpdHVuZyI6NTh9:1kL0RE:N-KaBW6yJpqZI7-V73R-kRjANtUnPph3j3xrrgMh6I8', '2020-10-07 08:47:44.565017'),
('b69zalqkpn9eabm63k2esvke8xwdggha', 'eyJpZF9sb29wIjozLCJkYXRhX2hpdHVuZyI6MTE4fQ:1kLJCp:M6y3bgmeA8CFjfwV6mhJY3bDu7XJKETruaCpK5vY_Xs', '2020-10-08 04:50:07.150409'),
('b6k0yd0foik3au4ykq3jc4mb9nebgto5', 'eyJpZF9sb29wIjozLCJkYXRhX2hpdHVuZyI6MH0:1kKDgA:QOl2fxRKdGgUg6_uzXZ7zcQ8wFcyc_ukt_pahrxeBAc', '2020-10-05 04:43:54.700105'),
('bac7mv0wnve2kf9cftdqgm0opuydvop2', 'eyJpZF9sb29wIjozLCJkYXRhX2hpdHVuZyI6OTN9:1kKymI:fcoF7w_ZF3ciUPft8Y8RwUovqHtZHG2HuqUaZ_OOgUA', '2020-10-07 07:01:22.253170'),
('bipx80ws8nw1736kmhondlys5muybr4m', 'eyJpZF9sb29wIjoxLCJkYXRhX2hpdHVuZyI6MTZ9:1kKZxh:JZDH_uperU10JayXOUTxHYp_wtabvCVMQ6D0TnQQjHY', '2020-10-06 04:31:29.165496'),
('bjmi2i55itxkbc36q4htkxcmxxmore6d', 'eyJpZF9sb29wIjozLCJkYXRhX2hpdHVuZyI6M30:1kNpVT:UEWgeOlsjZLkk4SjrZXrSTyqth_LyERGtMS-cH_k0cM', '2020-10-15 03:43:47.644217'),
('bnf99v4x9wmuw897n2nqgawunzt6098d', 'eyJpZF9sb29wIjoyLCJkYXRhX2hpdHVuZyI6NDR9:1kKyZb:JD9QB19e2AX8612p-6lDA9z15W8DQiYTwHCBa1FtY-g', '2020-10-07 06:48:15.963637'),
('buhyve3b4vi5o7di3qqoqu6u3ettnuc2', 'eyJpZF9sb29wIjoyLCJkYXRhX2hpdHVuZyI6N30:1kNqDe:TJPLMKcXRwxnlQwLI7vorsbIOrsyF3kqIvLKjt5Uyr8', '2020-10-15 04:29:26.407680'),
('bvpcawy86m16fuk4dpbrlsdbmskrkfiv', 'eyJpZF9sb29wIjozLCJkYXRhX2hpdHVuZyI6NTh9:1kKz1w:K2VwJAPvFdhTfD0wxexcjtNO1AiG1wBJ3O7N81b2Mok', '2020-10-07 07:17:32.436833'),
('bzblp9cdxaa0zsegaarbo8p0ns0xq7i0', 'eyJpZF9sb29wIjozLCJkYXRhX2hpdHVuZyI6MTR9:1kLNOZ:jy0R_bP-tJY559R2MfeV0P04zbsrwBzXsUFj6OWryKc', '2020-10-08 09:18:31.355166'),
('c4aczax39qmxfvxut1jvzu4lh8c2u2wf', 'eyJpZF9sb29wIjoyLCJkYXRhX2hpdHVuZyI6MTF9:1kL1DW:4ilMi-4j3GIybZ0pRqseWZM77ZHsVFlUm3M1aUTUIQQ', '2020-10-07 09:37:38.157734'),
('c4noed5i1wf78gl44ejwlhabg9xmtb38', 'eyJpZF9sb29wIjoyLCJkYXRhX2hpdHVuZyI6N30:1kLMCQ:vZM5-AQir1yAdTdhUaIcgUsrWOooRBgmvN6nZQc7YPE', '2020-10-08 08:01:54.784079'),
('c5qlrxr5tpveaxulqhpr8zsuwf1bfm2v', 'eyJpZF9sb29wIjoxLCJkYXRhX2hpdHVuZyI6Nzd9:1kL0iq:Wyidmq9Kr1mrgtVLYwpT09VDGU1L_MHjhu6RNn0U5h0', '2020-10-07 09:05:56.849299'),
('c7bu5lva3yh35y99phe2lvzeuta8r9jx', 'eyJ0ZXMiOiJ0ZXMifQ:1kKFGd:-2fJIDurUz8dK9NJ02ELOC-vwr5L-WmRBu4QDQgWrN0', '2020-10-05 06:25:39.556614'),
('caka8lhn4qhul9ryfhdpdaeo9xuh5rnt', 'eyJpZF9sb29wIjozLCJkYXRhX2hpdHVuZyI6MH0:1kKDgZ:7SVRTsjQeg194o3x5OHaHOI5x70rBWFgAFSEr8Q_WQo', '2020-10-05 04:44:19.601582'),
('cbsks4c9354tksp95lm608qcbveetws6', 'eyJpZF9sb29wIjoyLCJkYXRhX2hpdHVuZyI6Mn0:1kMnY7:vwe_fjzsWUHFvTj2JhBddMeIfv1WhtoAS-TMA9I1Awo', '2020-10-12 07:26:15.352613'),
('ccikk2n0v94w45yhv50yw5ivoq5oxy5f', 'eyJpZF9sb29wIjoyLCJkYXRhX2hpdHVuZyI6Mn0:1kN7aZ:lSAhfd6QOBKIPZ69GEDenQJMNz7CVvmImhxi5_U7xIA', '2020-10-13 04:50:07.133021'),
('ccv941jj763yjponxl2al3pcmfo680if', 'eyJpZF9sb29wIjoxLCJkYXRhX2hpdHVuZyI6NTV9:1kLJDJ:66JaYaa2sGoD4XhynvREb2Odj7EzotCE3CyPXaVRec4', '2020-10-08 04:50:37.659162'),
('cdjarp4mz8c5ma82f4anx9szx4sdwnkl', 'eyJpZF9sb29wIjozLCJkYXRhX2hpdHVuZyI6Njl9:1kL3J1:U7f37M2icQrjF4ZuXatGRCMVelX4OqfPOgy537GS8cE', '2020-10-07 11:51:27.756215'),
('cegafd8goly1l9tnywprmtw2s70kcvht', 'eyJpZF9sb29wIjoyLCJkYXRhX2hpdHVuZyI6Njd9:1kLJVv:NBOurTixmC0sUxVrtRpTVsPLpH25itsEE5uOH4dWRyA', '2020-10-08 05:09:51.497105'),
('clx5t388q5u4chf9ymlnk9et6g57nh3l', 'eyJpZF9sb29wIjoxLCJkYXRhX2hpdHVuZyI6Nn0:1kOGPP:wVuMlGPvaq_ccqeADxE6hljhMeggabiZsRe4V7N-daY', '2020-10-16 08:27:19.281300'),
('cmr0dzuwxstqgnpixfofojte5rvnh1ey', 'eyJpZF9sb29wIjoyLCJkYXRhX2hpdHVuZyI6MTN9:1kNrYJ:Jyxqsv6bDU4bC9DByHyZWx6QvQ4dViPCNILm7BZBDCw', '2020-10-15 05:54:51.102112'),
('cocxut2edn3lv9njx3pnd7js4uui5eov', 'eyJpZF9sb29wIjoyLCJkYXRhX2hpdHVuZyI6NX0:1kLLqB:DEBExTzo5g-Tq4a3z1kof2fACdAVqlhL4oN6tyrNSl0', '2020-10-08 07:38:55.405363'),
('cpk2ngwubsgj5vu9h2sednattywh2tru', 'eyJpZF9sb29wIjozLCJkYXRhX2hpdHVuZyI6NDR9:1kKygH:5hB7vuSzPXgk8-gJ57cqnioWa60ppUEkVR3JLYv8cCE', '2020-10-07 06:55:09.906773'),
('cpspyr3dk4eon6wj3dswunn6r9pwl95i', 'eyJpZF9sb29wIjoxLCJkYXRhX2hpdHVuZyI6NzN9:1kL0N1:yZm8iSeGQEkN56O4mxBVJjMFfZ1YtFbIBtaErHEcyQk', '2020-10-07 08:43:23.588915'),
('cxlfgg8hm80lfdedht2v0yvi7bchpc75', 'eyJpZF9sb29wIjoyLCJkYXRhX2hpdHVuZyI6M30:1kOB3C:kHyF3XiA2kbduFfTT3N1EY7tX03ywmC18HlLAbqp_3c', '2020-10-16 02:44:02.340328'),
('d6sh0wj7ybv682ct7ellwhuwot3hw491', 'eyJpZF9sb29wIjoyLCJkYXRhX2hpdHVuZyI6Nn0:1kNqAt:_sYC4H8w4bAcsmMIvhA0GgkHebq2mQz-YjkNt0xA1VU', '2020-10-15 04:26:35.982079'),
('dbheki8feuflxu0khy93gmql8zhd8jsp', 'eyJpZF9sb29wIjozLCJkYXRhX2hpdHVuZyI6MTV9:1kLNSd:7mjFYLA2MVUE9cB5VE8uibCVMEhr6rl3EzQFRmQGq5A', '2020-10-08 09:22:43.514345'),
('dgw76xbnq4f1kqqogs3h2y45srv3j3mz', 'eyJpZF9sb29wIjoiMS5tcDQiLCJkYXRhX2hpdHVuZyI6MH0:1kN7T3:v2k3LZPfywtKImUQM3aBCAn1IwxEaeHcUCEiRLcyYS8', '2020-10-13 04:42:21.901464'),
('dhd7h8qja9jfvfzixdovgpkbkpf2lltl', 'eyJpZF9sb29wIjoyfQ:1kJxyG:rVPTrAy3hNQ0FKKHRZWVyKAmWqIwYj3A8MMovbF0z1I', '2020-10-04 11:57:32.721217'),
('dngtnt59o7m8oicw1bpx1vrqfjfivdeb', 'eyJpZF9sb29wIjoxLCJkYXRhX2hpdHVuZyI6NTR9:1kLGwm:ltKJBho69B5PwyAVza8m-ZObDjAaJXYckB9G0bsImoI', '2020-10-08 02:25:24.781506'),
('dp5ken7ln80xir8k60wc17pvejblywln', 'eyJpZF9sb29wIjoyLCJkYXRhX2hpdHVuZyI6MH0:1kLMup:FdJ0UA-5OQtaN1NDf4gZQa8QpR7bMEW_-if24Sd8UnE', '2020-10-08 08:47:47.059270'),
('dpff3xkmig8e3awwh7wf0lfhtgpq7w33', 'eyJpZF9sb29wIjoyLCJkYXRhX2hpdHVuZyI6Mn0:1kKE5l:9BJ2ZZBoXv6GgX6Wl7hNgbLRrvC7TxB3Z3BNMQ66qE8', '2020-10-05 05:10:21.011940'),
('dr25d6l5al80b9z1juvccyk9tlhw91tx', 'eyJpZF9sb29wIjozLCJkYXRhX2hpdHVuZyI6N30:1kNppw:PDAShprit-QVAsWyeL2Y6xo0-7z-X0jlEstLFRnG72w', '2020-10-15 04:04:56.623003'),
('du1bz24etvxtss09ekpbyg06bdze3g3j', 'eyJpZF9sb29wIjoyLCJkYXRhX2hpdHVuZyI6MjR9:1kL3Zk:o1ukky6q6QQfenlMr-6SLSdbyV3XXQMJf0cNXZa8V6Y', '2020-10-07 12:08:44.227422'),
('dw60bbtsbtc9dn5xin2pjs7gssejjqx8', 'eyJpZF9sb29wIjozLCJkYXRhX2hpdHVuZyI6MTF9:1kKGB8:WKmJmxexkkralY5dzpFNDcmQY_iBIr-cQ7swkGTX1h8', '2020-10-05 07:24:02.558522'),
('dx1fke3qxsw2pr4xxaqqj5ouzsz1vpdu', 'eyJpZF9sb29wIjoxLCJkYXRhX2hpdHVuZyI6MH0:1kN7Qz:rRyHQ6eXX3iOosUP5QMhEAJ2rTvetN9PPz2RyeDydGk', '2020-10-13 04:40:13.351092'),
('e4o2vuqq5ailscginepqwj8pmahg8ryb', 'eyJpZF9sb29wIjoyLCJkYXRhX2hpdHVuZyI6MTJ9:1kNqiv:3QY6sX8Y7z--DSr_GVzCpnpS9Y5bZW9O6eAbdtkDrLw', '2020-10-15 05:01:45.344179'),
('e5uws5yd3ppxg2go4px1n8axluvl0ycu', 'eyJpZF9sb29wIjozLCJkYXRhX2hpdHVuZyI6NDV9:1kKzEM:7o17ALNLGmL6DfphZGPoeLAiM_VSoCkAofa2qtp9Das', '2020-10-07 07:30:22.594878'),
('eenth7hiuwbsliu7gjanzponkcusrf2w', 'eyJpZF9sb29wIjoyLCJkYXRhX2hpdHVuZyI6MzJ9:1kL3tF:rPU0R569dWoTXTZdI-uf3UFT_HW-k7I6Zzx27iQUUDY', '2020-10-07 12:28:53.297880'),
('ei7qyt0j22j82tsqhko98kwdfi6hihzu', 'eyJpZF9sb29wIjoyLCJkYXRhX2hpdHVuZyI6MH0:1kLNda:rp-B8bXpXDjzOguwIaQ5lN2doFrmY1AsRgPaqKDiq3M', '2020-10-08 09:34:02.675787'),
('es2adl6vl7k5wi2ejyo7khr7h1depfdm', 'eyJpZF9sb29wIjozLCJkYXRhX2hpdHVuZyI6OH0:1kNrZa:FB3bzEGV8-uTV-pa8sUUKX9XG4AQTSvKcgZi83TxzXQ', '2020-10-15 05:56:10.172350'),
('ex3e0534t4353xa6yckoyi8twxo8bmfv', 'eyJpZF9sb29wIjoyLCJkYXRhX2hpdHVuZyI6NTF9:1kLDSl:fEpuISYa2VFF_tGX5E9G2ddjjP-xBzlA31v4-UOpINY', '2020-10-07 22:42:11.943139'),
('f9s2zpdxck563tm9bmk9iiqpfcoljdnm', 'eyJpZF9sb29wIjozLCJkYXRhX2hpdHVuZyI6MTZ9:1kKGsi:4mObxLJQqJtgl3ctwd5eyj6jHNeZMqCyLPJ86VRPvng', '2020-10-05 08:09:04.032549'),
('faqc8tc5pajxn9dmetv2zit9yms5up9n', 'eyJpZF9sb29wIjozLCJkYXRhX2hpdHVuZyI6OTB9:1kKya2:c0TNJ6MWigwqiQEbWqoYm9cPPD7dzcVVH3FeZXLjYnQ', '2020-10-07 06:48:42.497169'),
('fcqvs5oll056vwvrchuekm565rbwc95b', 'eyJpZF9sb29wIjoyLCJkYXRhX2hpdHVuZyI6NH0:1kLLgF:AWKtryWt-22mYQNWVi4wriLgNL6d0KV1Vh8QKPfUSZQ', '2020-10-08 07:28:39.062779'),
('fg8vi9j6g467deupcaqody3jn4tgdgux', 'eyJpZF9sb29wIjoxLCJkYXRhX2hpdHVuZyI6M30:1kLLsx:ARbA1fkyinewEo5l0SJbo00O515fByR61D9pjiwHkRE', '2020-10-08 07:41:47.859252'),
('fkqhrgcboekbx6l2iim84smvpvtg10t8', 'eyJpZF9sb29wIjozLCJkYXRhX2hpdHVuZyI6MTIwfQ:1kLL6J:qol8ei597hwvGzJp1BaQX7cqQcUXlLLNSIyYwjXwU3E', '2020-10-08 06:51:31.700985'),
('fq2i3b9p0l88eq2jm266h2jjnrzhpqe3', 'eyJpZF9sb29wIjozLCJkYXRhX2hpdHVuZyI6MjF9:1kKHjY:5K-Vsi9pajRtuGKJehDhEfmjUtBo_yae1zM2fKwMXCM', '2020-10-05 09:03:40.945163'),
('g3fwr62t0wjaxjffmlo5vj5ndarpzl93', 'eyJpZF9sb29wIjoyLCJkYXRhX2hpdHVuZyI6MX0:1kKZJa:WLDWAK8cTEIfu3K_3YaYYw--oBD3HtfUnSp3-kfbezM', '2020-10-06 03:50:02.431415'),
('g8dtnvezcafikfr9vaqqygjv8dbbmgy1', 'eyJpZF9sb29wIjozLCJkYXRhX2hpdHVuZyI6NzJ9:1kKyM4:7pmfVt125bCegJB50cqWrs0X-UbWiENFx53mJYq2eTY', '2020-10-07 06:34:16.467653'),
('go621j3muwdu1jwobasipwt4spv7ls3l', 'eyJpZF9sb29wIjoyLCJkYXRhX2hpdHVuZyI6NDR9:1kKyll:xd9QnG5mB9US5BR75EW378MlXNoEaOzc3cXIxxIoAYg', '2020-10-07 07:00:49.752072'),
('gobvgculm4gomghzi998qc4col1kmhi0', 'eyJpZF9sb29wIjozLCJkYXRhX2hpdHVuZyI6Njl9:1kL39b:1g289ze9Br9LmGXMmTSLwFBvSFX5kfc3keJXGM87D-c', '2020-10-07 11:41:43.852024'),
('gtpphve8zthbnpfskaigc0zd2677wxa9', 'eyJpZF9sb29wIjozLCJkYXRhX2hpdHVuZyI6MTJ9:1kKdHE:fK_wP6yrjiMEhya0axqMP-kCPrM1xf2RMbx5SuJ3vCs', '2020-10-06 08:03:52.333442'),
('gv4jn6vnqye5f45g4zovyzqauxpc956y', 'eyJpZF9sb29wIjoxLCJkYXRhX2hpdHVuZyI6MTB9:1kKGET:XMVB6r2cFY-I9u3Al7P0sLdvsvc-3IOLm9s6lL3ZNnQ', '2020-10-05 07:27:29.001479'),
('gxudi3fpsyc9sxc6vuoc1sfvvrxsgi44', 'eyJpZF9sb29wIjoyLCJkYXRhX2hpdHVuZyI6MTJ9:1kKGHe:uBzIWgZdcmGuDpk3TDQq-xaPcax9Vv5HTIyDtD2h7_o', '2020-10-05 07:30:46.180666'),
('gz2rhfoxy2qcy1w4mh32i0mk2lvhcs8x', 'eyJpZF9sb29wIjozLCJkYXRhX2hpdHVuZyI6Nn0:1kLM0d:KoSN3l-BKYECD2cgS_urrmHodC6v2eo7r1zZWEAzBb0', '2020-10-08 07:49:43.495283'),
('h5hu7mjs2wymv9ghj6nlvrnp0rbxl9s7', 'eyJpZF9sb29wIjozLCJkYXRhX2hpdHVuZyI6OTB9:1kL3fi:HfAPMKtS63wDZrIGFMEptse7StBA2mtpr7HSeK5FbpU', '2020-10-07 12:14:54.136407'),
('h9ff5qrz9limshm5d1t13sdgf0f07z6w', 'eyJpZF9sb29wIjoxLCJkYXRhX2hpdHVuZyI6NTd9:1kLJai:h76_YO0LAT8jYdtRebvXqsdS5bKaitFo78fHN7L2hIo', '2020-10-08 05:14:48.762954'),
('hby8x89ajx2vxafi3t834prbg6pacdui', 'eyJpZF9sb29wIjoxLCJkYXRhX2hpdHVuZyI6NTh9:1kLJbr:CVs9N_2kEXvBJ6b0z8RLHygRQMt93mNMda7z3h9Un3I', '2020-10-08 05:15:59.980445'),
('hdw9196g1lcmhsugsmzs2of9lmjh42bu', 'eyJpZF9sb29wIjoyLCJkYXRhX2hpdHVuZyI6MzN9:1kLDL1:QRYhOTdEYaMjH7XY_nqMisdKknsYsqu2dIRKHXT5JLE', '2020-10-07 22:34:11.583779'),
('hey5lkhl87gq0xyx2ciplu2jbik9dcxn', 'eyJpZF9sb29wIjoxLCJkYXRhX2hpdHVuZyI6MzF9:1kKvSu:9l_kUfnVs_benmwCZBA8azEaGg7HIrCKdI3GSpMVwmU', '2020-10-07 03:29:08.644829'),
('hh8qqh4gef7s6vibk2c1z97ys3t1yv0c', 'eyJpZF9sb29wIjoyLCJkYXRhX2hpdHVuZyI6MH0:1kKZe5:5gazubulWywSF2y5gfZPLmKlsHKYbB2Z1x87AreRRwg', '2020-10-06 04:11:13.540585'),
('hj28v5lm2k2ax3eqqjj7zoew1pe0mfda', 'eyJpZF9sb29wIjozLCJkYXRhX2hpdHVuZyI6NTd9:1kKvTH:wjz0SU5eVaAcWjp-N_HcSh9cXpvbkrP5UWFkujtVFdI', '2020-10-07 03:29:31.726124'),
('hkq5r9gagyilkyko4ovyvlxqqrs1d08p', 'eyJpZF9sb29wIjoyLCJkYXRhX2hpdHVuZyI6OH0:1kNqEM:Mn0N4qZSWen2ST28v4JyUPOL0lmUu9QRJoq4mF1sPEI', '2020-10-15 04:30:10.698173'),
('hn9g1et4pu4h9fv0s6pvsuvkz52vr8zv', 'eyJpZF9sb29wIjoyLCJkYXRhX2hpdHVuZyI6NTR9:1kL0Nw:2kCindjMry7mRGc6dk00iyI71rHFtCR9RgMILhm7cug', '2020-10-07 08:44:20.235123'),
('hp6pozcq3hnylsel13jydtpzli7uz8xz', 'eyJpZF9sb29wIjoxLCJkYXRhX2hpdHVuZyI6NTB9:1kLD00:gwEN2t-O8jCFMImjHcvkoa-wc-s7Hk3ONOxdKCZXuJA', '2020-10-07 22:12:28.666075'),
('hw7qjle5gttif93p80ctlxoqq8sk5km6', 'eyJpZF9sb29wIjoyLCJkYXRhX2hpdHVuZyI6MH0:1kL19z:PmRdiF8bPC2kTfpowSJPZ4zkO2JsolFoLJmIU9hRbS8', '2020-10-07 09:33:59.250098'),
('hxodqwuxv0mc6kr9wo5tmnxev72njaiz', 'eyJpZF9sb29wIjozLCJkYXRhX2hpdHVuZyI6MTd9:1kKGtX:6u3eqtIzph-ePmFVaK3JT8Nf25--Nc3esTKki0l7Op0', '2020-10-05 08:09:55.974423'),
('i2ny8l6anc3psnn6exbv2km798971klr', 'eyJpZF9sb29wIjozLCJkYXRhX2hpdHVuZyI6Nn0:1kOHzx:IFJZpl2LF7XDv9jlJRL9pz3TneTAdAy2JVpzPqIUag4', '2020-10-16 10:09:09.262908'),
('i3utkchfbd1h6t8ujmgcddeb42yk4q0o', 'eyJpZF9sb29wIjozLCJkYXRhX2hpdHVuZyI6MH0:1kL168:2c0RDO9jF2rH3O-zQw2x_PhVVNQ5l5453uwcpidK9gI', '2020-10-07 09:30:00.165526'),
('i8hj1kshn31dalnir3fr8z08gooz560y', 'eyJpZF9sb29wIjozLCJkYXRhX2hpdHVuZyI6OTB9:1kKyYN:HOY9gSz0gfBbQ5kAojL2ZPkQv8GF0fqkNPuGCNRp2zk', '2020-10-07 06:46:59.147142'),
('icso3iservqmdeu4q4d108xjb5hzl0wh', 'eyJpZF9sb29wIjoyLCJkYXRhX2hpdHVuZyI6MTh9:1kKHGJ:ZM1guUvgDfpFQ_jfP9w7C_muzX8L4dgRwAAGwC3Mzt8', '2020-10-05 08:33:27.553102'),
('ihre0h060u61euuc1zzewwll3pepsx2n', 'eyJpZF9sb29wIjoyLCJkYXRhX2hpdHVuZyI6Mn0:1kOB1k:3U1mzf54s01-UFACcLH72-7wCDiQVk-AeElPtLNycKw', '2020-10-16 02:42:32.945440'),
('il6nw36i3klotszzoz53rv8kq7dmfyra', 'eyJpZF9sb29wIjozLCJkYXRhX2hpdHVuZyI6MTh9:1kL1ZJ:KNh72n4a4LG9X9W7uq_DFcNq-U6JpOYRjDaEvy9p-wg', '2020-10-07 10:00:09.156084'),
('ioqh4m4c81g093bwufkp9vbcn1zme2yv', 'eyJpZF9sb29wIjozLCJkYXRhX2hpdHVuZyI6NzZ9:1kKyNA:4n7pIP-4KNOaAlXJwOTXZuL2czYjDk8GadNMkaVkvbo', '2020-10-07 06:35:24.787522'),
('iqkemrejm706sx0oqj5dzlzh3tmae94v', 'eyJpZF9sb29wIjozLCJkYXRhX2hpdHVuZyI6MX0:1kKZH4:NXq7QtMr1b6qW754nB7Sf2g2erIEnJ3Vn1iBgUA20WE', '2020-10-06 03:47:26.587635'),
('iu4ykkv6qtw36jb9gh3eqrku4orfg6hs', 'eyJpZF9sb29wIjoyLCJkYXRhX2hpdHVuZyI6MTV9:1kKZy7:LNKeloPM7DUOyTE-PpDJC2f5u2kQ0iWZfHZHlY3V0Pg', '2020-10-06 04:31:55.256231'),
('iuzjwh4q1yfkzvvheyv60w9o6idoicav', 'eyJpZF9sb29wIjozLCJkYXRhX2hpdHVuZyI6NDV9:1kL38Z:tzJeRRSn0P-nONC7ywpN68fiaGeRnTcj-pJy9xuDFpY', '2020-10-07 11:40:39.096446'),
('j0t5poigh7iqqdncmzo5ksdaeihcul96', 'eyJpZF9sb29wIjoyLCJkYXRhX2hpdHVuZyI6N30:1kKusH:5f3xgJ7GTjgqJYd8HouAaZoC16Ij-fb4-_tkIK3vLMk', '2020-10-07 02:51:17.083932'),
('j580kion1h2r14wd2s3e9m4d7zy7s5gz', 'eyJpZF9sb29wIjoxLCJkYXRhX2hpdHVuZyI6MH0:1kMnZA:9VVmPsm-FV9rjV00kYYcHZ5d-9fEXE8yGv8BI-PMPLo', '2020-10-12 07:27:20.277427'),
('j5f21vz0aotlyk7rkn133640zsorx0vs', 'eyJpZF9sb29wIjoxLCJkYXRhX2hpdHVuZyI6MX0:1kLLkx:n4F9MndX6tjiwn2GNnFTIxUETjkETH41-lY8GyrPjH0', '2020-10-08 07:33:31.010170'),
('jbil9r0ddnbp29rijb0k4d848mlvxttg', 'eyJpZF9sb29wIjozLCJkYXRhX2hpdHVuZyI6NX0:1kLLzK:QWOJoIsSMr50TRHsHbX8idgBzDMdRq0TrleWl1t4vnk', '2020-10-08 07:48:22.049282'),
('jcvb2xy5ilzadklz5a6uhvrl1ns6ki2z', 'eyJpZF9sb29wIjoyLCJkYXRhX2hpdHVuZyI6Mn0:1kMnb2:wjI3cxO0D8128EoSOYTN2WxwfsrSvN-Y_-GkYndZyQ4', '2020-10-12 07:29:16.056755'),
('jdrjh1x1wt7tjcygvmafp2kymjcjev54', 'eyJpZF9sb29wIjozLCJkYXRhX2hpdHVuZyI6M30:1kMnFH:J0BmaYQYGosUmeoXwRVJ5BZeU_-Xr6BSzDvzTlBgoPU', '2020-10-12 07:06:47.266054'),
('jeits9tavd7wxmcz8c9kswum0nku869e', 'eyJpZF9sb29wIjoxLCJkYXRhX2hpdHVuZyI6OH0:1kLMDy:nGcCMiwj7YunUVliJ3ePj41XIR5EhvhdRBYUkEw9BQg', '2020-10-08 08:03:30.335532'),
('jh8lzim1ht0ucyi0ph2f6pwnklztpk0c', 'eyJpZF9sb29wIjoxLCJkYXRhX2hpdHVuZyI6M30:1kKE7Q:X35jN30DKoNuyhzBfb3aw7ZrGL1Y9y61oWuePyS_vQI', '2020-10-05 05:12:04.299583'),
('jhhpadux2n0ujg8uiptqg8jlenlbjsk7', 'eyJpZF9sb29wIjozLCJkYXRhX2hpdHVuZyI6N30:1kKekW:_VdxKwMYbsCCCOFF9BZhW5Y6a_oUQ89pDPFZcvDvCm0', '2020-10-06 09:38:12.036207'),
('ju34t32sydfsc402iyc68ilb3gv0vlhk', 'eyJpZF9sb29wIjoyLCJkYXRhX2hpdHVuZyI6MTd9:1kKH5Y:IHZdLRrKi_fH73P82SGtWzXhXtGmAClZuQyemtGKwzk', '2020-10-05 08:22:20.629446'),
('jvsj63gdnkww63n40jwnxy7ba9syofcy', 'eyJpZF9sb29wIjozLCJkYXRhX2hpdHVuZyI6MTE5fQ:1kL0Wx:TA9SDupWIovaQ4QCBpcDzOQG5dotraCKpfX43jNZyzA', '2020-10-07 08:53:39.553629'),
('jwfaeudu0j06wci4j52d1mwqs6ur6cj5', 'eyJpZF9sb29wIjoyLCJkYXRhX2hpdHVuZyI6MTB9:1kLNVs:_5aSYifFRsAPweCsTDLhhlr4mwh_aRlgy03Sd2NRW9M', '2020-10-08 09:26:04.550297'),
('jxz3e25pcd0epqh7nba0ykkws3fzdaxf', 'eyJpZF9sb29wIjozLCJkYXRhX2hpdHVuZyI6MzJ9:1kKZvX:Rk3mzzoZMWZ6Y6ii6jlj0Zz5PW_Cre-_FbdkE9BGJ1M', '2020-10-06 04:29:15.685814'),
('k1szzewhj7rgwjnj7y5e9vug3pps7jwq', 'eyJpZF9sb29wIjozLCJkYXRhX2hpdHVuZyI6MTIxfQ:1kL0Y8:G16ydlcE6-zopfpXhKiUiCqV6igUqg2DkNrkHwjxl2k', '2020-10-07 08:54:52.340005'),
('k20p1h8owb6yols8osbfofpu6vplx2th', 'eyJpZF9sb29wIjozLCJkYXRhX2hpdHVuZyI6MH0:1kL0pu:GGU5I-uQ1tqUNKGurAngVhtZDF57mNqxqewlqIoIKso', '2020-10-07 09:13:14.014606'),
('k3vnab9cwzr28e2n55ar5tul86gu8u7r', 'eyJpZF9sb29wIjozLCJkYXRhX2hpdHVuZyI6MX0:1kKZHQ:SNLxh_G-mPCkqHJ6dMMgXWVGLo0g_0IaFezXEP7a4Pw', '2020-10-06 03:47:48.116331'),
('k9o8igaf5zok7x4edgkct17ho4uiuavz', 'eyJpZF9sb29wIjoyLCJkYXRhX2hpdHVuZyI6MTB9:1kLNNU:gVpITzQeTNOzWpGn9p0M5vPs8Dz3sIUSGNoaQ43miJE', '2020-10-08 09:17:24.746793'),
('kbcp4nyxvriolch9q645gfghyd21v29e', 'eyJpZF9sb29wIjozLCJkYXRhX2hpdHVuZyI6MH0:1kLNiT:0IJBskR3RJP98i_acboiQDCwcQLccDTqdz3zLuC0NdM', '2020-10-08 09:39:05.893269'),
('kd1c7la14cjzz8lct3cmc3wmgwm2vyjf', 'eyJpZF9sb29wIjozLCJkYXRhX2hpdHVuZyI6OX0:1kLNAf:wtQIFqu-wrVibEI6VoSLxeHQhRNLfuwPsYTnANusWkU', '2020-10-08 09:04:09.500453'),
('l731zagr11pd8byiypjzt23hocs1wyb8', 'eyJpZF9sb29wIjoxLCJkYXRhX2hpdHVuZyI6NjV9:1kLLNB:RbQNBYnkgCcsphBdcxf8xkitPnYX_h-Rr1UefzNCFUg', '2020-10-08 07:08:57.589895'),
('l8ww9y5c6rlaikier7qtbjsp5hzv0dwc', 'eyJpZF9sb29wIjoxLCJkYXRhX2hpdHVuZyI6NH0:1kLMAW:rPEXSHE8eaZbAkdmPUvCi-O__AlXcgISyNQq83ggxmE', '2020-10-08 07:59:56.325069'),
('lg7nskwpnafrnueyltgx21w5mrdsv03y', 'eyJpZF9sb29wIjoyLCJkYXRhX2hpdHVuZyI6NzB9:1kL02g:bsBBpc-xbhLj1e6P-5M2zz4Ut837vvObtYA5TDecyGc', '2020-10-07 08:22:22.085248'),
('lizd7gaz84jg70h0x03oqa5rdyd0vya6', 'eyJpZF9sb29wIjoxLCJkYXRhX2hpdHVuZyI6MX0:1kNqmZ:99XeBorKojjV8TjZRZT9TzWQdinvAcsXbhqz-L3MkUk', '2020-10-15 05:05:31.946351'),
('lmpa0brlj7wt1j6mvkyttp3jw9ij6hmf', 'eyJpZF9sb29wIjozLCJkYXRhX2hpdHVuZyI6Nn0:1kKF6H:l1qvExhG0JlPo0QkhsOdkdc0NPZlcAd8COHRNfT63HM', '2020-10-05 06:14:57.165265'),
('lp6a7ljbed5nvvvolnvj9mh8yd9oo40k', 'eyJpZF9sb29wIjoyLCJkYXRhX2hpdHVuZyI6MH0:1kNvKg:JnJlKSpGtKwfUKwHRGPFDDopjMOe-8Fz-AGzUqVIJYQ', '2020-10-15 09:57:02.730806'),
('lqpw4dph2sc8kh084i8slcrncuas9mj7', 'eyJpZF9sb29wIjozLCJkYXRhX2hpdHVuZyI6MTN9:1kLNI3:RNyXjxXjorm--XHMM8D1FnuqZGqINx-MMflkpYZbt-U', '2020-10-08 09:11:47.200076'),
('lv8si1b3jh5ux2e6bq5nin1cbrvi6e8t', 'eyJpZF9sb29wIjozLCJkYXRhX2hpdHVuZyI6NjN9:1kL38x:In_h_uruAEkuS-X8e_aMBXamZaJNt4Lc4ePDJx8jWok', '2020-10-07 11:41:03.082147'),
('lzuc9sbpcpuywueou7mrrwk048whvsyx', 'eyJpZF9sb29wIjozLCJkYXRhX2hpdHVuZyI6MTF9:1kNs4V:-pNzcRzEKBrs7MSMjLK5DMeHauVFcIgkok_5OH3mElA', '2020-10-15 06:28:07.715682'),
('m1e7ddsdqs39j6q2gquxclu8z56opvwr', 'eyJpZF9sb29wIjoxLCJkYXRhX2hpdHVuZyI6MH0:1kNvGj:tmoBSOZCSA16_CgkAAGzl4Ug-CxbjOs2R4cNxePMfZM', '2020-10-15 09:52:57.820602'),
('n09j64mj2kradb5sb61xixno8q1pvwub', 'eyJpZF9sb29wIjozLCJkYXRhX2hpdHVuZyI6MH0:1kKaFK:5nm_XMYPFOsHkWsFvVACUT48-0R_msBOchKjgjcvTc4', '2020-10-06 04:49:42.822942'),
('n16h1tl8d9rhb3g0klgktdxquku8kr9w', 'eyJpZF9sb29wIjozLCJkYXRhX2hpdHVuZyI6MX0:1kKDz5:KBM8Wp_NijmnmTGpdFpixdmXJmbjurugra89yOhwt0I', '2020-10-05 05:03:27.536910'),
('n1bkxe0dkyba35yr4hugcy3pnd8nnl3u', 'eyJpZF9sb29wIjoxfQ:1kJy0O:2ZZvR_B_3H5zomhEryA0y3uEMNqbWx9XPZrvFtYJ-E8', '2020-10-04 11:59:44.038416'),
('nn2vtog1ar549n3dwsq18prebw6cccyt', 'eyJpZF9sb29wIjoyLCJkYXRhX2hpdHVuZyI6NTN9:1kL0Dx:INezAO5WQFXLN7pZwCho9aUnRDy1rNODu4AdoaVz-o4', '2020-10-07 08:34:01.383546'),
('nnr4n05u9njaegkpqg4818664bs48l9y', 'eyJpZF9sb29wIjozLCJkYXRhX2hpdHVuZyI6OTB9:1kKyWD:txAR1-ZKieWHrgFkpJslFuSjcb85WXBb7QlNHl_NQ-0', '2020-10-07 06:44:45.118030'),
('nv6olw4nvkbv8vpltm9obam46wgwth87', 'eyJpZF9sb29wIjoyLCJkYXRhX2hpdHVuZyI6NH0:1kNpWx:vTY39LimELYkqYc1JZpp02-QfrfV_E3URxeKXtWZhdA', '2020-10-15 03:45:19.981415'),
('o3amdjromfo4rttk3e2k1lesdaetg4ik', 'eyJpZF9sb29wIjozLCJkYXRhX2hpdHVuZyI6M30:1kNpDo:qspXSzBp1EgwdTHIdfsKT5D9SMIa6vnY6lqGpbI-qlk', '2020-10-15 03:25:32.781379'),
('o68nqvg59hqzmsybfo28hi1l1yfalgr2', 'eyJpZF9sb29wIjoyLCJkYXRhX2hpdHVuZyI6MTF9:1kNqhV:wgnzzdG2k5pAnVRzHl41Y4ji3TaCvKIICh1oy13-lqw', '2020-10-15 05:00:17.965040'),
('o8x7klqe5v4qdwfkd13tzoatg3vayfvj', 'eyJpZF9sb29wIjozLCJkYXRhX2hpdHVuZyI6OX0:1kNs1D:SLycGtHYTgd7yYVO7rHLWmqEZ6I9Fd37dZTq4RLv804', '2020-10-15 06:24:43.723750'),
('ocqeqnue2dnkfz7srwoi84ipfjzpzqkh', 'eyJpZF9sb29wIjoxLCJkYXRhX2hpdHVuZyI6NH0:1kKEyj:7yrNeZl4BEK8YPNwX8nkKLCtj1eES8IlsgatU9Ae45w', '2020-10-05 06:07:09.781206'),
('odnh84bb0khkgqcxz1qzvpvs41e0gjuk', 'eyJpZF9sb29wIjozLCJkYXRhX2hpdHVuZyI6MTIzfQ:1kL0b7:90n5TPajZCK9JBaSq7IeOA0W9KHjzHumXoAX-pSzQ6E', '2020-10-07 08:57:57.932502'),
('ohvmey4209jqx07x9jryxinr08uy6hoq', 'eyJpZF9sb29wIjoyLCJkYXRhX2hpdHVuZyI6ODJ9:1kLLan:knZhJ-SrEIOtH8_aL5f5GYj2RAiL5RQh-TtYbsUVeho', '2020-10-08 07:23:01.501022'),
('opko5yv9nj2mx9yt8d30iccdwyx6t274', 'eyJpZF9sb29wIjoxLCJkYXRhX2hpdHVuZyI6NDZ9:1kKyTC:9EuqKKWMgzi6JSDh9QSiTRawqw_88I9-JCQVpshLwFo', '2020-10-07 06:41:38.770495'),
('p0ldytrgft4adx49n8d7sgjii8uab5kk', 'eyJpZF9sb29wIjozLCJkYXRhX2hpdHVuZyI6NDR9:1kKyhH:XsVpOGYLBQHlEkxg4EZlUMKJU6ZqE6-ihGndfBShIwQ', '2020-10-07 06:56:11.750175'),
('p18pspjsgd6ks523qorncpocw3fbiai2', 'eyJpZF9sb29wIjoxLCJkYXRhX2hpdHVuZyI6M30:1kOB20:44AL_QtlUu3PYn3d5xh0r7Jl5LOfaxyGqGB-SyXXsH4', '2020-10-16 02:42:48.859383'),
('pcascr0vyufk9yq93o31bzvgqz35psi6', 'eyJpZF9sb29wIjoxLCJkYXRhX2hpdHVuZyI6NTV9:1kKyiW:hXh9pg7Ljar9E3wcmfqzOQk0HzBIhb6spG2GXaQisu0', '2020-10-07 06:57:28.657575'),
('pic10bjeh798l908bnh14cpjzvtu6a3p', 'eyJpZF9sb29wIjoxLCJkYXRhX2hpdHVuZyI6MH0:1kLNNu:Yd2CZ78Fzhjgjnajc0sWwIWI3KWuSlZIhzGDNb5KWos', '2020-10-08 09:17:50.475580'),
('psl9fda8kei4zry0wzb3580euxclo4vu', 'eyJpZF9sb29wIjoyLCJkYXRhX2hpdHVuZyI6MH0:1kKaES:T0iW5m6_2ysMt5WyN5nMxuMU1mEX55CXQ7qn0foTcSs', '2020-10-06 04:48:48.514182'),
('psmnaryjj7ew4w2vikloetdy93b9ypmt', 'eyJpZF9sb29wIjoyLCJkYXRhX2hpdHVuZyI6ODB9:1kLLR7:gZyekMy4b60dvhHqoVal2UgOInBfafOG22by0Fg7olk', '2020-10-08 07:13:01.282286'),
('pv3ashiw79vxj4mkl2mghh37ytuntywv', 'eyJpZF9sb29wIjozLCJkYXRhX2hpdHVuZyI6MTExfQ:1kL06C:8T4F0HSx7kdU512qbPYTDm-39CZg78ysfkfjyXJw9ao', '2020-10-07 08:26:00.324344'),
('pyrh08fh5978c5yhlx05vqvuzjscufl5', 'eyJpZF9sb29wIjozfQ:1kJy5r:TgSwgf0wlDs19G_7AywUZsekrxHnOXDCy7eh4noaqh4', '2020-10-04 12:05:23.895302'),
('pzol3gbwvuit9d3llnhew9dcjfu4wyek', 'eyJpZF9sb29wIjozLCJkYXRhX2hpdHVuZyI6Nn0:1kNpoj:Oe3Prr8uaL4pUi5LIUyENjWBekDAhMNtoWRqZoqlMZc', '2020-10-15 04:03:41.969434'),
('q0hv34er54hxa8u684ao1uoja5lyu1n1', 'eyJpZF9sb29wIjoyLCJkYXRhX2hpdHVuZyI6M30:1kKE12:t-5_FqYPl9IegEu-V-jBFiS1hJjdkPMHg0-vX6AWLvc', '2020-10-05 05:05:28.290517'),
('q1fmxzqjf7izp7agmfq4bfle4sgcz9a2', 'eyJpZF9sb29wIjozLCJkYXRhX2hpdHVuZyI6MTl9:1kKHFL:v_k6u4Z7Qm5Npr3RDpbJU_lR7lDQyBP6_kcPimRCqiM', '2020-10-05 08:32:27.753764'),
('qkzqamlbfmdbpubwq66njfhjdwku0li0', 'eyJpZF9sb29wIjoyLCJkYXRhX2hpdHVuZyI6NX0:1kNpqZ:EMCb1S6iArI4cVuqb3dcJe9BunAPka4eKy5OuICZWxk', '2020-10-15 04:05:35.334970'),
('qpk0suuk0cr29dwa6ngozc62ezsb0hpl', 'eyJpZF9sb29wIjoxfQ:1kKDMv:xuPJ5yC5dflEV3GD3AdoxcarXc2-SJH39CVhXJ5bVVo', '2020-10-05 04:24:01.019324'),
('qu3u5wvc3rqxbdax9ltya5o6udm2d7rf', 'eyJpZF9sb29wIjoyLCJkYXRhX2hpdHVuZyI6Mzd9:1kKvJJ:WxrTMVpyLtmgi3m44WWpSQME7h4k2CL7vljMSU77sE0', '2020-10-07 03:19:13.794835'),
('qx753mfvpxnuebol3bppkti7a3vb6xkc', 'eyJpZF9sb29wIjoyLCJkYXRhX2hpdHVuZyI6MH0:1kKZWB:jbwtprI_nNFtBMKLEIvFP3h-lgzMuBNQCayvR8034iY', '2020-10-06 04:03:03.064620'),
('r0z0im9g9cw5fs4wi6v0gcvqxsovsywi', 'eyJpZF9sb29wIjozLCJkYXRhX2hpdHVuZyI6MTJ9:1kKGCf:mPVUua0BudMqYV3SMU9uN0KwSIegPXG8KEfPTVSdtlM', '2020-10-05 07:25:37.820999'),
('r35pbzkdpnthwbwvbzze12ck60k14jhg', 'eyJpZF9sb29wIjoyLCJkYXRhX2hpdHVuZyI6NzV9:1kLKPv:Z9YPJOF7s_4mTdqLAnAQYM3bcma7oO0AB8mgi0-rgjQ', '2020-10-08 06:07:43.751660'),
('r41kshi67ng6graziknus4mdo4kxcon4', 'eyJpZF9sb29wIjoyLCJkYXRhX2hpdHVuZyI6OX0:1kLMyl:r3RR-24kJ4h1BpzpcnfWn4Tdc8tSUlbAo_t_RbSlJiM', '2020-10-08 08:51:51.333151'),
('r7pj0np051ea1pldlhftf5ud5bvsn2y0', 'eyJpZF9sb29wIjozfQ:1kKDKV:qqsDHBMGUjgsPeZFcwS9IUlF_8g7Kkr_LtJ2fg5nUyk', '2020-10-05 04:21:31.504564'),
('r896yv12hxr9nupy8tvk31fqtcxe6no2', 'eyJpZF9sb29wIjozLCJkYXRhX2hpdHVuZyI6MzF9:1kKvap:PDI-3huspD5GXHs9XXQ0UuXPWpAiAuUiCCajcIy8qIM', '2020-10-07 03:37:19.400627'),
('ra90xp6vv4cq5a1eh2lelax6helzs77s', 'eyJpZF9sb29wIjozLCJkYXRhX2hpdHVuZyI6MTJ9:1kKGYY:paMjYCJ7pgBLMoBPeBo4nX8v3G4z_TGi2d7GRUvdnXc', '2020-10-05 07:48:14.913623'),
('rc9eq46lnbcnn000baaqufz5r9cvtunt', 'eyJpZF9sb29wIjoxfQ:1kJy2W:oljhN59G_HKAY__bNMCXq6TviRLHjEpHiiG0NtCznq8', '2020-10-04 12:01:56.586428'),
('rk5gyfv89z58ahx2in3gklb19x1tzndu', 'eyJpZF9sb29wIjozLCJkYXRhX2hpdHVuZyI6MX0:1kKDkD:gym6E5S-KgT-yXg65yFF4mjp1XNEwzbeshz-QXDiVJw', '2020-10-05 04:48:05.458253'),
('rms4eur6s1fy7f91fu3n26awyycv0y4i', 'eyJpZF9sb29wIjozLCJkYXRhX2hpdHVuZyI6Mn0:1kLLvG:cCYmcKhL1C7BiGU784DjRAG1DM2G-v2GCfawzPO5SIQ', '2020-10-08 07:44:10.191553'),
('rqmbpfkkhcxm4gdfl3ikiqz8ax6jmpy0', 'eyJpZF9sb29wIjoyLCJkYXRhX2hpdHVuZyI6MTF9:1kKG7o:qVPctfSu4vXiVf7WfFt09htzyyz9hSKCLfARAb1eW1w', '2020-10-05 07:20:36.444773'),
('rs6ybcce8lvl677bi54py89snod071k5', 'eyJpZF9sb29wIjozLCJkYXRhX2hpdHVuZyI6MTV9:1kKv1c:fvIMLDmWnapt6o0Wg7Y2G2yLSo3eOzZia5JgrAwQ8o8', '2020-10-07 03:00:56.513720'),
('s798l9s1y2xrbe10amupvzwl8o04kny7', 'eyJpZF9sb29wIjozLCJkYXRhX2hpdHVuZyI6MTh9:1kKH1R:haKC6BRWHd_Dvc3MaMlzbMxqAUIuh1Kr6vhPjdYKIxA', '2020-10-05 08:18:05.485814'),
('s7wa60mdc1na31ve2muk4b57rlah3q2h', 'eyJpZF9sb29wIjozLCJkYXRhX2hpdHVuZyI6NzJ9:1kKyLO:Y0-qINaCp77fM2R-KTqreZXP0_-LmS1B98gtFPNZFrM', '2020-10-07 06:33:34.963791'),
('s842728jtnncyejvv2q0c3zunyqtufgu', 'eyJpZF9sb29wIjozLCJkYXRhX2hpdHVuZyI6M30:1kMntK:0iIAwrtn0bwo4jQRk7PD1B94QORZPgk1TO3pms_Vzuc', '2020-10-12 07:48:10.139888'),
('sble1wvwk7s4pvxp72fp27t2zydm39kt', 'eyJpZF9sb29wIjoyLCJkYXRhX2hpdHVuZyI6Mzl9:1kL3SX:wMJ5MihguqPAim_mxhR-N2HRUyt6mBok3n51d4KIvA0', '2020-10-07 12:01:17.593981'),
('scp4r6fq3hygecthxfk1iogsvbnz7m9o', 'eyJpZF9sb29wIjozLCJkYXRhX2hpdHVuZyI6MX0:1kKalp:mEm0TpljUC8dYnlhHszgfer4thU3VXT7g9L9Lv31Ru0', '2020-10-06 05:23:17.844868'),
('sgb1lgq41pbjin50x8djndgb2oydvd7t', 'eyJpZF9sb29wIjoxLCJkYXRhX2hpdHVuZyI6MH0:1kLNL1:TdCtOda4SFULqQACGhXPjsG8WLZrlbUo6QUfeL3lV4A', '2020-10-08 09:14:51.378772'),
('si6xhxyvnxtlz2yatz2f2v2j6aga3929', 'eyJpZF9sb29wIjoxLCJkYXRhX2hpdHVuZyI6NX0:1kQRd7:ytkTzgxm6evjex3rwADFDM1KSnBzsExl9HpHaJUTXfQ', '2020-10-22 08:50:29.163334'),
('stejegw0xk1ottji2l1h50r5mo8wgcqf', 'eyJpZF9sb29wIjoyfQ:1kJyC1:A-eRqfHcB5hEubq2UAWzLqVz9v6rElxzpSZlNMCzwkc', '2020-10-04 12:11:45.514528'),
('syjpaxlbmqscbcaiwub9vb34odvq2mlw', 'eyJpZF9sb29wIjoyLCJkYXRhX2hpdHVuZyI6MH0:1kKZ14:DwwVWwrsnfC1UdhDaVIeJR0K3RYSpUStiPhyMnraftk', '2020-10-06 03:30:54.090130'),
('t0gd1xcqq8c8we1wlws4zzr4o6gwlc0o', 'eyJpZF9sb29wIjozLCJkYXRhX2hpdHVuZyI6NH0:1kLLxt:OYuCsv69SZ2dfLyuAqOt4K5np86fV2GUaKO0zyVegMw', '2020-10-08 07:46:53.176259'),
('t15halju7at1daujqlasi43u76h0wsgx', 'eyJpZF9sb29wIjozLCJkYXRhX2hpdHVuZyI6MTB9:1kKG6F:666yds9X4FVl7rvC2X50QOW0tOIuVdss-uTCPgQyeB4', '2020-10-05 07:18:59.011042'),
('t3kd22f0chtgarynoul695ioadhfxrlw', 'eyJpZF9sb29wIjoxLCJkYXRhX2hpdHVuZyI6NTh9:1kKzFD:YpQXD9ZNV6Ljya8M52frYzTLrq2O2n8mDsiMXccdL90', '2020-10-07 07:31:15.219611'),
('t3wphljg6vio44phb377slnj4rieoc94', 'eyJpZF9sb29wIjoyLCJkYXRhX2hpdHVuZyI6MH0:1kKE47:tr-tatPufbNhOfvOu-3ZNRDtNfG2zCD7lYxMIOFDzTo', '2020-10-05 05:08:39.392985'),
('t5ytnj1wo28e467hy74y8k641qnz2bln', 'eyJpZF9sb29wIjoyLCJkYXRhX2hpdHVuZyI6MTN9:1kNvA1:nLgO6XX9qE5-AnY5TjYIJ6tQdKhw2rlN3wwaF8ND92I', '2020-10-15 09:46:01.611038'),
('t8aablbyo1rrxt92mi4n0399dmjurz52', 'eyJpZF9sb29wIjozLCJkYXRhX2hpdHVuZyI6MTA3fQ:1kLGxp:-WWj8CgGyFH3I-hwGIHkI5NNlGveHO-kQBD8DP3w9xA', '2020-10-08 02:26:29.392998'),
('td19dbhqemte37jx2dmzuhsp0q0x3y6i', 'eyJpZF9sb29wIjoyLCJkYXRhX2hpdHVuZyI6MH0:1kKFGd:5lx0tQJOFx71xGGnP6jbWHnKkPsvK9ivZ_CL7SPT5Ng', '2020-10-05 06:25:39.856747'),
('tf3dpvuygn00uukhhzeyg4t0l1f3f57b', 'eyJpZF9sb29wIjoxLCJkYXRhX2hpdHVuZyI6NH0:1kKE3h:03hbas1ydPbqanZooN05j7ec2aWCBKb_LWwtzYgKhQg', '2020-10-05 05:08:13.918225'),
('tg6g24cqkoaaber2xpzqfbg76nhlgmof', 'eyJpZF9sb29wIjozLCJkYXRhX2hpdHVuZyI6MTd9:1kNvAQ:GKzz1rY-O6b8cWw87ICUhC0ADBIobA2df5ZWKjZdXI0', '2020-10-15 09:46:26.811863'),
('tnjtxa3gmo9smrth7fbtpla80takh67i', 'eyJpZF9sb29wIjoxLCJkYXRhX2hpdHVuZyI6MH0:1kN7Iv:iRlzHae-xUM9vaUJRzrl7J6MvbVIPpz3e0vCM-5_tAs', '2020-10-13 04:31:53.886956'),
('tp5swomob26g5eu53ol3kns0zdj3xxs8', 'eyJpZF9sb29wIjoyLCJkYXRhX2hpdHVuZyI6NDV9:1kKzFy:bYqGHreClyiUAxKIn5H5xRHue5EeGPyCUAZo0DmJ4CQ', '2020-10-07 07:32:02.212985'),
('tp9z7234xsyhdk0figmyp0c7e8s9w16c', 'eyJpZF9sb29wIjozLCJkYXRhX2hpdHVuZyI6MH0:1kKYxy:Fnn1oglGqGtBVxplM-fiZ0OMZpks7dUGzIJjSnVlMms', '2020-10-06 03:27:42.468459'),
('tzd1hjz0dp6o3stw4hdaazfq0uyalx0n', 'eyJpZF9sb29wIjoyLCJkYXRhX2hpdHVuZyI6OH0:1kKFgx:xVqYxdwDVQ9s_Wd3fXoP1i2qey-Sm0EwPDpxMi9CNr0', '2020-10-05 06:52:51.678850'),
('u1tr4v8w30bt2v1c06jzfhtj5bsok3pw', 'eyJpZF9sb29wIjozLCJkYXRhX2hpdHVuZyI6MjV9:1kKvCz:PX8Wvu2jX0cNl18LS99JpgldiKaIN4A2FxXcmgGD9EY', '2020-10-07 03:12:41.827484'),
('u1xciw44ndhyr79wggvbdctx7hpy1jgs', 'eyJpZF9sb29wIjozLCJkYXRhX2hpdHVuZyI6M30:1kMnaX:hEmyvlrm-qlUP93Rx2liYNUDQuWRoicvlXIQTLmkyHU', '2020-10-12 07:28:45.675642'),
('u4sq2hzbclwbiks5nzgbhn52nbv1719c', 'eyJpZF9sb29wIjoxLCJkYXRhX2hpdHVuZyI6NjJ9:1kLKY3:RJot9S-76h1Cz55MLUWNYikWBpAo41qrRQMWOnuDrVc', '2020-10-08 06:16:07.261110'),
('u9anybpjwz0ghvx7ldd78jsppxquj3p2', 'eyJpZF9sb29wIjoxLCJkYXRhX2hpdHVuZyI6MH0:1kNqBZ:2Sh1GCAsy-pJX_BSqQEADKkCb5klFQM4QA9TX1QN87k', '2020-10-15 04:27:17.043026'),
('uflaasjyiegxdvvhci3uztl422jxa923', 'eyJpZF9sb29wIjoyLCJkYXRhX2hpdHVuZyI6MTB9:1kLNH6:qTb4v6p8tNr7rlV1X98PBxEd_xTpzEzMaLk2e5rbOTw', '2020-10-08 09:10:48.596928'),
('up06y7a8hzmozbwb4y21qdxvqvq7gc28', 'eyJpZF9sb29wIjozLCJkYXRhX2hpdHVuZyI6MTE0fQ:1kL0Py:nxTc6eOHMs516MbwKcaZzPEB0dAgqljvDJBhq8mepfM', '2020-10-07 08:46:26.082995'),
('upgafqc3mkkn4p5th2pkyi1sq7re3yii', 'eyJpZF9sb29wIjoyLCJkYXRhX2hpdHVuZyI6NzV9:1kLLP9:UmXFgj_rBrZvEww0ar6l1z_tosCiQrev03HU3vZKIYY', '2020-10-08 07:10:59.721400'),
('urkjwas1wgxnbt77yjl9q88ignb0u8w8', 'eyJpZF9sb29wIjoxLCJkYXRhX2hpdHVuZyI6MH0:1kNpDA:-k9Lzaeo6fxA3_y_OPTEKEjFDP7kagehMi7_Udi3Z5I', '2020-10-15 03:24:52.604721'),
('v3ohkol7o3ni6p6dppx3s1cfe8386969', 'eyJpZF9sb29wIjoyLCJkYXRhX2hpdHVuZyI6MH0:1kKZGC:Na3KriokR6dC-4YtzRXMzFOxwvraNh4jAkFPT-o4s4A', '2020-10-06 03:46:32.940479'),
('v8ixmw8inezg46oayftx8dm9bqz98b67', 'eyJpZF9sb29wIjoxLCJkYXRhX2hpdHVuZyI6OX0:1kKG6j:THIlY2AuGl1JrlH1JPiZlX0BkSYLJJz49pjYJ2EPnCM', '2020-10-05 07:19:29.098333'),
('v9zmovlz7qnh3jr7hrq7rbnwf7avoi9z', 'eyJpZF9sb29wIjozLCJkYXRhX2hpdHVuZyI6MTI3fQ:1kLLMh:iP1Abj_ZhmUv8Kv5wOiagTfdKLQwvEmLxrqCCNp44ss', '2020-10-08 07:08:27.050143'),
('vsgnsae8i5y17m506w86pgi26bfr5mb4', 'eyJpZF9sb29wIjoyLCJkYXRhX2hpdHVuZyI6NDR9:1kKyen:PBCF7HTEuTZuABRDsffMu18_TkIAu5Vo8phyQvdsWgU', '2020-10-07 06:53:37.654056'),
('vvmf8jxpa2ygg2s9ddl0oj75hffne89n', 'eyJpZF9sb29wIjozLCJkYXRhX2hpdHVuZyI6MzV9:1kL1By:fKzEGnH167sw_ytsxsfOlIUQkwNpGrrulm6uN7oGwC8', '2020-10-07 09:36:02.019580'),
('vxrk7jnls9b2yqvqemjeu58e7ab42cfr', 'eyJpZF9sb29wIjozLCJkYXRhX2hpdHVuZyI6MTE4fQ:1kLJbJ:hytSp2b5KO1RaUw1apSAmOlQT4B2pVam39O6c_kQ0WA', '2020-10-08 05:15:25.454135'),
('w3uqd8wpwqq7xcxd5r2qk3c7totm9hnc', 'eyJpZF9sb29wIjoyLCJkYXRhX2hpdHVuZyI6NTV9:1kKyZP:EhzM2jktfzGBYG0S4nGfT8nnRyBMULdm7xLxMzTzFbg', '2020-10-07 06:48:03.130968'),
('w4lj5ta5rhjg00sff3d3ja4pnx9mcyps', 'eyJpZF9sb29wIjoxLCJkYXRhX2hpdHVuZyI6NjZ9:1kKzQV:46hcAYs-jJDgAi4twlz5toy9TbErC4J3f8UQ_rbzeEg', '2020-10-07 07:42:55.448473'),
('w8wreoaa4un7kin7etohapvwx2za1glf', 'eyJpZF9sb29wIjoyLCJkYXRhX2hpdHVuZyI6NDV9:1kLDPm:gF3sC39gizRJWFGEhPtETGfnuVw_mYuT-WUYKas4xGk', '2020-10-07 22:39:06.570008'),
('wafc7ietyddho24l2j8mho15i2jmcss2', 'eyJpZF9sb29wIjoyLCJkYXRhX2hpdHVuZyI6Mn0:1kNpEl:ZkBNbcS43YhkBszP5BcgG7IZzRkva_z6azNLuw_rvAY', '2020-10-15 03:26:31.886770'),
('wb4ulsuiaporpn5ylgbwwduht0yj0hsl', 'eyJpZF9sb29wIjoxLCJkYXRhX2hpdHVuZyI6MTZ9:1kL3Q9:FdVoITk2YbtQ66xuzXAQRunYe5q_a5NgDFNJTdZJsGk', '2020-10-07 11:58:49.897903'),
('wc3em5s1plpph69an00lezgkbr06xjv4', 'eyJpZF9sb29wIjoxLCJkYXRhX2hpdHVuZyI6NzV9:1kL0SB:vwxun5UNhpUDWstvk4DmM2ux6KlsE6CJKCazDx7lHgU', '2020-10-07 08:48:43.217639'),
('wgcairk6lopz8fr1p3lieqkxzrc1ymao', 'eyJpZF9sb29wIjozLCJkYXRhX2hpdHVuZyI6MH0:1kKaEE:kqnMtmBY_gu41OGlVyZNYw1F78WCeCHnXhHaZEsTjyw', '2020-10-06 04:48:34.224783'),
('wjd1u22h903o2wzw6pk4wkfc884om4x8', 'eyJpZF9sb29wIjoxLCJkYXRhX2hpdHVuZyI6MH0:1kMnol:as-xwRXsIm2m85S5A8nr1Y2YvqqL0vXViDWDDAjWy78', '2020-10-12 07:43:27.043186'),
('wnrao0ldx75p7v78a483e5erstlppkdl', 'eyJpZF9sb29wIjoxLCJkYXRhX2hpdHVuZyI6Mn0:1kOB1E:7ApWeQTLVm7IqOKF2NXC-RZwMfdLn0flOe3km8BgYPE', '2020-10-16 02:42:00.334442'),
('woevl0608ij9ng3jx6uzn56eyyfxt0bn', 'eyJpZF9sb29wIjozLCJkYXRhX2hpdHVuZyI6MTR9:1kNs6z:qXSDGbfk0RjoeN0OELJQKYcMxIdj3EGkdXn3sMw99pc', '2020-10-15 06:30:41.237062'),
('wrx3hwdgmh0joujaptb3jrlb99etbtb4', 'eyJpZF9sb29wIjozLCJkYXRhX2hpdHVuZyI6N30:1kLM4C:6-0ompkRE1qJfuV6kDIAG7HY78NcmCUOkktNOIveEzo', '2020-10-08 07:53:24.431680'),
('x423v8temejhqylg0lo9rdajl4hnvc9u', 'eyJpZF9sb29wIjozfQ:1kJy7k:LzwaS_lvZFzW9FtPALbVoh6iGX-9wAsiCdeNDdCyBUc', '2020-10-04 12:07:20.244875'),
('x6i36cougfzsgg9gllw8x4lupgp4mw57', 'eyJpZF9sb29wIjozLCJkYXRhX2hpdHVuZyI6OTN9:1kKycl:aqYJwfvJYf1E9ZQx6VNO0yX1b78nHvtZ_YAcWxJ4ZYE', '2020-10-07 06:51:31.103992'),
('x9lwlwgajjzhxym70syqr0tuc193i0xn', 'eyJpZF9sb29wIjoyLCJkYXRhX2hpdHVuZyI6OH0:1kKFmC:BoxZiAFiA-dGhx52bkj5Ql7bjSfvSJpGnIN7ib5C9KM', '2020-10-05 06:58:16.798967'),
('xg0zkj4ivvwc6814mo3pk5u43qc13ns6', 'eyJpZF9sb29wIjozLCJkYXRhX2hpdHVuZyI6MTIyfQ:1kL0Yr:QkJyKpC_jpE75WOSk6kxJOgachyheXqUeB_HrLaeAlE', '2020-10-07 08:55:37.564820'),
('xo2n9y9na8pap4v88qwa30sn1etf696y', 'eyJpZF9sb29wIjoyLCJkYXRhX2hpdHVuZyI6MTB9:1kNqGE:3OUnq2Ua25uq2578vO418EEk1wdcQ6XxOY2gId-6BIg', '2020-10-15 04:32:06.757884'),
('xpic5ehub9n96etwko53t7hjjn478nu4', 'eyJpZF9sb29wIjozLCJkYXRhX2hpdHVuZyI6NTh9:1kKyzN:HgcgVff6J60pOdx_u4CrKTsPcTMNUIp-OGwThZCLwKc', '2020-10-07 07:14:53.348474'),
('xxclppfbowqbv64g96rui7vjyfjdscw3', 'eyJpZF9sb29wIjozLCJkYXRhX2hpdHVuZyI6Mn0:1kKDlz:9idHu9rKB2Gac70J5Uy1mWxfdyEliDLlwIuxWhletlA', '2020-10-05 04:49:55.105983'),
('xz64fnrwclg6wuxyddnezk9vdm2557zt', 'eyJpZF9sb29wIjozLCJkYXRhX2hpdHVuZyI6Mzh9:1kKyRq:WV3PFb4fge6MmCKki45ccouvZSICJGiYmIh7mpoKcnM', '2020-10-07 06:40:14.448533'),
('y4zsywud5zofd2csbrnw1s75lt90iusb', 'eyJpZF9sb29wIjozLCJkYXRhX2hpdHVuZyI6OTR9:1kL3wX:d2I5TpBW-ETZ310gaWaJHsd_rGotLhFK05buuwUz1so', '2020-10-07 12:32:17.890780'),
('y9b5n06d9iy81rcf0u8x9ohh7o6vskk3', 'eyJpZF9sb29wIjoxLCJkYXRhX2hpdHVuZyI6MH0:1kKaqJ:lWEcA3NcDV4RQnJJHdSxdQm-lacdPkElSuRFhmrwjJs', '2020-10-06 05:27:55.700908'),
('ybpnltczkhxo4z55pytobhij1voimozh', 'eyJpZF9sb29wIjozLCJkYXRhX2hpdHVuZyI6MTN9:1kKGEA:5YvNFASJ37iYmNVkM5R6BOvf3iu3uzXPrm8GTqNa1L8', '2020-10-05 07:27:10.055983'),
('yehk0qohys41s1oagix90g4he7x6pdyc', 'eyJpZF9sb29wIjozLCJkYXRhX2hpdHVuZyI6OTR9:1kLD8M:C_p-mE1PLEBTDQGbtrmL0AnQdjDjlAsUBCxyGXZWjYA', '2020-10-07 22:21:06.152143'),
('yexpoh4do1huhs4bc764me0hlaj7h0eu', 'eyJpZF9sb29wIjozLCJkYXRhX2hpdHVuZyI6OTh9:1kLDKL:-jFJwOViamlgH1tG0sZbrKgBDgBGxZolr2X3_8u_S7E', '2020-10-07 22:33:29.829264'),
('yhf0pbgivl1n4grpeu93d9ss1u9kgfwr', 'eyJpZF9sb29wIjoyLCJkYXRhX2hpdHVuZyI6MH0:1kKZ1Z:m3lmxJrJqmxMtwfu5qo3QYbdOt6HLcqUrz4SKaytmMA', '2020-10-06 03:31:25.490591'),
('ynbk84d78cb5y6yr1dvp2dz4z8dr7dxh', 'eyJpZF9sb29wIjoxLCJkYXRhX2hpdHVuZyI6MH0:1kN7jw:htRKZz7eGXC0JkQSvJ6U43Un6FOudo0mb91843tipmY', '2020-10-13 04:59:48.244791'),
('ypl4rcbwd5sn3p2jynmj6y4vjj784v3f', 'eyJpZF9sb29wIjozLCJkYXRhX2hpdHVuZyI6MX0:1kKZKM:LGzh3fTo4c_8BZbRuJSSW4xwkWmMRR8W0kGLUgo-xFI', '2020-10-06 03:50:50.706778'),
('yq4lzozzg2d966ig2odd0p8z7jab8f90', 'eyJpZF9sb29wIjozLCJkYXRhX2hpdHVuZyI6M30:1kMnBN:HOea3VEL2c7Z5q3Os82sPmS8fyGZ2wb1hSwV17LZVSc', '2020-10-12 07:02:45.691949'),
('yu1wso2pq66eze6og8niu39mu7lvrfd6', 'eyJpZF9sb29wIjoyLCJkYXRhX2hpdHVuZyI6MTd9:1kKH04:ee9aSDuQ8KWCAd-HN0-T3Ku4NYxbxTNoRSLQNU3CgLI', '2020-10-05 08:16:40.786969'),
('yyma4bl1f665yds7qemv65ikgyq0j60w', 'eyJpZF9sb29wIjoyLCJkYXRhX2hpdHVuZyI6MjZ9:1kL3kg:pr2IVSqmv9FrQYcPuYF2e89MUONOFSA1RXlOxPh-hjE', '2020-10-07 12:20:02.091046'),
('yyvlu0qqdxm0uc641rbvgzufgfglmdrf', 'eyJpZF9sb29wIjoyLCJkYXRhX2hpdHVuZyI6NTN9:1kKzMg:xMzNZjvS3Odt2_KGS9eL1GTXfs9RniVd8H3dlTEHpMQ', '2020-10-07 07:38:58.628932');
INSERT INTO `django_session` (`session_key`, `session_data`, `expire_date`) VALUES
('z54f7jxrj4gta2fhv2oebx5ymustgeyd', 'eyJpZF9sb29wIjoyLCJkYXRhX2hpdHVuZyI6Nn0:1kLLu9:npf4nCwnA_hZiQ6WLIziCN06sRNHnplV8OLIoU3KfRs', '2020-10-08 07:43:01.748034'),
('z659ihbn2abhomlipk3dkzj45cx1nyep', 'eyJpZF9sb29wIjoxLCJkYXRhX2hpdHVuZyI6NTB9:1kL3vD:CEWfFfoeWhCMBJZaA1G9aO9VyUoDkf8Uki30HD1KYgM', '2020-10-07 12:30:55.982533'),
('z8aksr10q3n9o5mmgsxzv8jlienpaasd', 'eyJpZF9sb29wIjoyfQ:1kJyCx:S4cBu1KKLX7H2ektsozWWfztBkGamRZld-1O9DxBW3M', '2020-10-04 12:12:43.453303'),
('z98m3hkrobr4xxm7qg29mhfu4mynydg6', 'eyJpZF9sb29wIjoyLCJkYXRhX2hpdHVuZyI6MTI2fQ:1kL0nP:WB3uZgBbNvPIChYQN6ONGzdWJ3pgJesslRpMkCovL1g', '2020-10-07 09:10:39.167088'),
('z9jnvseq31ncx64szy9zjr3yjb0lvjjn', 'eyJpZF9sb29wIjoyLCJkYXRhX2hpdHVuZyI6Mzh9:1kKvUd:0NAn2vR829piZeI0TYaRYEqCLHMCH-XCF93TciniyUI', '2020-10-07 03:30:55.738174'),
('z9xhp0zztfpmrqkq9fo4ivmzdmghxxlk', 'eyJpZF9sb29wIjozLCJkYXRhX2hpdHVuZyI6OTR9:1kLCyP:KLDAFVFZA6P9OhYZquMUIQ_dy5mH6CBBECSKWyYGVWQ', '2020-10-07 22:10:49.200116'),
('zb836dn6ds767orkfzbltxpn23n8l9wm', 'eyJpZF9sb29wIjozLCJkYXRhX2hpdHVuZyI6MTN9:1kKGZL:48a8DcJDCM7nGwlqFuAHDBDzM613jHvy1W8sazsc7CI', '2020-10-05 07:49:03.700676'),
('zltn8wir2o6e8p060x30ppmqneziyhts', 'eyJpZF9sb29wIjozfQ:1kJyud:Qy1fMcKy9An7Q023BkOduMuxpNqOH_HJ1Ba9e482K9Q', '2020-10-04 12:57:51.080445'),
('zqrdcy2pj8ax8i6itua6lwzdpnjfx19g', 'eyJpZF9sb29wIjozLCJkYXRhX2hpdHVuZyI6MTF9:1kLNCB:jT4xX7O3r0eXMguSiQQAs6WbpD-9rGw3uOetiYJFFqo', '2020-10-08 09:05:43.187067'),
('zrsk09re330msxv37fxcddsls5lj6joj', 'eyJpZF9sb29wIjoyLCJkYXRhX2hpdHVuZyI6M30:1kOB5n:S8iCp-dj0S9Kg2dmXrBvwtfRPurqwXF0TmTBzEBdwWw', '2020-10-16 02:46:43.012401'),
('zulx3nmsa92o5nxts6vd7c6hygljv19k', 'eyJpZF9sb29wIjoxLCJkYXRhX2hpdHVuZyI6MTB9:1kLMJv:oEy0heieCKMRGsl21iJ6y4V2oX1MJfdmr2U3D0UR2lE', '2020-10-08 08:09:39.321947'),
('zwlix1jty5dfk6u8avukzzt7xflw51qc', 'eyJpZF9sb29wIjozLCJkYXRhX2hpdHVuZyI6MTA3fQ:1kL02z:alTJQrSHxsto7fJnhvCWwoqkkVbiEP_mPdczZzTr79Q', '2020-10-07 08:22:41.300422');

-- --------------------------------------------------------

--
-- Table structure for table `iklan`
--

CREATE TABLE `iklan` (
  `id` int(100) NOT NULL,
  `nama` text NOT NULL,
  `hitung` int(255) NOT NULL DEFAULT 0,
  `url` varchar(100) NOT NULL
) ENGINE=InnoDB DEFAULT CHARSET=utf8mb4;

--
-- Dumping data for table `iklan`
--

INSERT INTO `iklan` (`id`, `nama`, `hitung`, `url`) VALUES
(1, 'Shopee', 5, '1.mp4'),
(2, 'Tokopedia', 7, '2.mp4'),
(3, 'Gojek', 7, '3.mp4');

--
-- Indexes for dumped tables
--

--
-- Indexes for table `auth_group`
--
ALTER TABLE `auth_group`
  ADD PRIMARY KEY (`id`),
  ADD UNIQUE KEY `name` (`name`);

--
-- Indexes for table `auth_group_permissions`
--
ALTER TABLE `auth_group_permissions`
  ADD PRIMARY KEY (`id`),
  ADD UNIQUE KEY `auth_group_permissions_group_id_permission_id_0cd325b0_uniq` (`group_id`,`permission_id`),
  ADD KEY `auth_group_permissio_permission_id_84c5c92e_fk_auth_perm` (`permission_id`);

--
-- Indexes for table `auth_permission`
--
ALTER TABLE `auth_permission`
  ADD PRIMARY KEY (`id`),
  ADD UNIQUE KEY `auth_permission_content_type_id_codename_01ab375a_uniq` (`content_type_id`,`codename`);

--
-- Indexes for table `auth_user`
--
ALTER TABLE `auth_user`
  ADD PRIMARY KEY (`id`),
  ADD UNIQUE KEY `username` (`username`);

--
-- Indexes for table `auth_user_groups`
--
ALTER TABLE `auth_user_groups`
  ADD PRIMARY KEY (`id`),
  ADD UNIQUE KEY `auth_user_groups_user_id_group_id_94350c0c_uniq` (`user_id`,`group_id`),
  ADD KEY `auth_user_groups_group_id_97559544_fk_auth_group_id` (`group_id`);

--
-- Indexes for table `auth_user_user_permissions`
--
ALTER TABLE `auth_user_user_permissions`
  ADD PRIMARY KEY (`id`),
  ADD UNIQUE KEY `auth_user_user_permissions_user_id_permission_id_14a6b632_uniq` (`user_id`,`permission_id`),
  ADD KEY `auth_user_user_permi_permission_id_1fbb5f2c_fk_auth_perm` (`permission_id`);

--
-- Indexes for table `data_cam`
--
ALTER TABLE `data_cam`
  ADD PRIMARY KEY (`id`);

--
-- Indexes for table `django_admin_log`
--
ALTER TABLE `django_admin_log`
  ADD PRIMARY KEY (`id`),
  ADD KEY `django_admin_log_content_type_id_c4bce8eb_fk_django_co` (`content_type_id`),
  ADD KEY `django_admin_log_user_id_c564eba6_fk_auth_user_id` (`user_id`);

--
-- Indexes for table `django_content_type`
--
ALTER TABLE `django_content_type`
  ADD PRIMARY KEY (`id`),
  ADD UNIQUE KEY `django_content_type_app_label_model_76bd3d3b_uniq` (`app_label`,`model`);

--
-- Indexes for table `django_migrations`
--
ALTER TABLE `django_migrations`
  ADD PRIMARY KEY (`id`);

--
-- Indexes for table `django_session`
--
ALTER TABLE `django_session`
  ADD PRIMARY KEY (`session_key`),
  ADD KEY `django_session_expire_date_a5c62663` (`expire_date`);

--
-- Indexes for table `iklan`
--
ALTER TABLE `iklan`
  ADD PRIMARY KEY (`id`);

--
-- AUTO_INCREMENT for dumped tables
--

--
-- AUTO_INCREMENT for table `auth_group`
--
ALTER TABLE `auth_group`
  MODIFY `id` int(11) NOT NULL AUTO_INCREMENT;

--
-- AUTO_INCREMENT for table `auth_group_permissions`
--
ALTER TABLE `auth_group_permissions`
  MODIFY `id` int(11) NOT NULL AUTO_INCREMENT;

--
-- AUTO_INCREMENT for table `auth_permission`
--
ALTER TABLE `auth_permission`
  MODIFY `id` int(11) NOT NULL AUTO_INCREMENT, AUTO_INCREMENT=33;

--
-- AUTO_INCREMENT for table `auth_user`
--
ALTER TABLE `auth_user`
  MODIFY `id` int(11) NOT NULL AUTO_INCREMENT;

--
-- AUTO_INCREMENT for table `auth_user_groups`
--
ALTER TABLE `auth_user_groups`
  MODIFY `id` int(11) NOT NULL AUTO_INCREMENT;

--
-- AUTO_INCREMENT for table `auth_user_user_permissions`
--
ALTER TABLE `auth_user_user_permissions`
  MODIFY `id` int(11) NOT NULL AUTO_INCREMENT;

--
-- AUTO_INCREMENT for table `data_cam`
--
ALTER TABLE `data_cam`
  MODIFY `id` int(255) NOT NULL AUTO_INCREMENT, AUTO_INCREMENT=20;

--
-- AUTO_INCREMENT for table `django_admin_log`
--
ALTER TABLE `django_admin_log`
  MODIFY `id` int(11) NOT NULL AUTO_INCREMENT;

--
-- AUTO_INCREMENT for table `django_content_type`
--
ALTER TABLE `django_content_type`
  MODIFY `id` int(11) NOT NULL AUTO_INCREMENT, AUTO_INCREMENT=9;

--
-- AUTO_INCREMENT for table `django_migrations`
--
ALTER TABLE `django_migrations`
  MODIFY `id` int(11) NOT NULL AUTO_INCREMENT, AUTO_INCREMENT=20;

--
-- AUTO_INCREMENT for table `iklan`
--
ALTER TABLE `iklan`
  MODIFY `id` int(100) NOT NULL AUTO_INCREMENT, AUTO_INCREMENT=5;

--
-- Constraints for dumped tables
--

--
-- Constraints for table `auth_group_permissions`
--
ALTER TABLE `auth_group_permissions`
  ADD CONSTRAINT `auth_group_permissio_permission_id_84c5c92e_fk_auth_perm` FOREIGN KEY (`permission_id`) REFERENCES `auth_permission` (`id`),
  ADD CONSTRAINT `auth_group_permissions_group_id_b120cbf9_fk_auth_group_id` FOREIGN KEY (`group_id`) REFERENCES `auth_group` (`id`);

--
-- Constraints for table `auth_permission`
--
ALTER TABLE `auth_permission`
  ADD CONSTRAINT `auth_permission_content_type_id_2f476e4b_fk_django_co` FOREIGN KEY (`content_type_id`) REFERENCES `django_content_type` (`id`);

--
-- Constraints for table `auth_user_groups`
--
ALTER TABLE `auth_user_groups`
  ADD CONSTRAINT `auth_user_groups_group_id_97559544_fk_auth_group_id` FOREIGN KEY (`group_id`) REFERENCES `auth_group` (`id`),
  ADD CONSTRAINT `auth_user_groups_user_id_6a12ed8b_fk_auth_user_id` FOREIGN KEY (`user_id`) REFERENCES `auth_user` (`id`);

--
-- Constraints for table `auth_user_user_permissions`
--
ALTER TABLE `auth_user_user_permissions`
  ADD CONSTRAINT `auth_user_user_permi_permission_id_1fbb5f2c_fk_auth_perm` FOREIGN KEY (`permission_id`) REFERENCES `auth_permission` (`id`),
  ADD CONSTRAINT `auth_user_user_permissions_user_id_a95ead1b_fk_auth_user_id` FOREIGN KEY (`user_id`) REFERENCES `auth_user` (`id`);

--
-- Constraints for table `django_admin_log`
--
ALTER TABLE `django_admin_log`
  ADD CONSTRAINT `django_admin_log_content_type_id_c4bce8eb_fk_django_co` FOREIGN KEY (`content_type_id`) REFERENCES `django_content_type` (`id`),
  ADD CONSTRAINT `django_admin_log_user_id_c564eba6_fk_auth_user_id` FOREIGN KEY (`user_id`) REFERENCES `auth_user` (`id`);
COMMIT;

/*!40101 SET CHARACTER_SET_CLIENT=@OLD_CHARACTER_SET_CLIENT */;
/*!40101 SET CHARACTER_SET_RESULTS=@OLD_CHARACTER_SET_RESULTS */;
/*!40101 SET COLLATION_CONNECTION=@OLD_COLLATION_CONNECTION */;
