-- phpMyAdmin SQL Dump
-- version 5.0.3
-- https://www.phpmyadmin.net/
--
-- Host: 127.0.0.1
-- Generation Time: Nov 13, 2020 at 01:05 PM
-- Server version: 10.4.14-MariaDB
-- PHP Version: 7.2.34

SET SQL_MODE = "NO_AUTO_VALUE_ON_ZERO";
START TRANSACTION;
SET time_zone = "+00:00";


/*!40101 SET @OLD_CHARACTER_SET_CLIENT=@@CHARACTER_SET_CLIENT */;
/*!40101 SET @OLD_CHARACTER_SET_RESULTS=@@CHARACTER_SET_RESULTS */;
/*!40101 SET @OLD_COLLATION_CONNECTION=@@COLLATION_CONNECTION */;
/*!40101 SET NAMES utf8mb4 */;

--
-- Database: `hs`
--

-- --------------------------------------------------------

--
-- Table structure for table `auth_group`
--

CREATE TABLE `auth_group` (
  `id` int(11) NOT NULL,
  `name` varchar(150) NOT NULL
) ENGINE=InnoDB DEFAULT CHARSET=utf8mb4;

-- --------------------------------------------------------

--
-- Table structure for table `auth_group_permissions`
--

CREATE TABLE `auth_group_permissions` (
  `id` int(11) NOT NULL,
  `group_id` int(11) NOT NULL,
  `permission_id` int(11) NOT NULL
) ENGINE=InnoDB DEFAULT CHARSET=utf8mb4;

-- --------------------------------------------------------

--
-- Table structure for table `auth_permission`
--

CREATE TABLE `auth_permission` (
  `id` int(11) NOT NULL,
  `name` varchar(255) NOT NULL,
  `content_type_id` int(11) NOT NULL,
  `codename` varchar(100) NOT NULL
) ENGINE=InnoDB DEFAULT CHARSET=utf8mb4;

--
-- Dumping data for table `auth_permission`
--

INSERT INTO `auth_permission` (`id`, `name`, `content_type_id`, `codename`) VALUES
(1, 'Can add log entry', 1, 'add_logentry'),
(2, 'Can change log entry', 1, 'change_logentry'),
(3, 'Can delete log entry', 1, 'delete_logentry'),
(4, 'Can view log entry', 1, 'view_logentry'),
(5, 'Can add permission', 2, 'add_permission'),
(6, 'Can change permission', 2, 'change_permission'),
(7, 'Can delete permission', 2, 'delete_permission'),
(8, 'Can view permission', 2, 'view_permission'),
(9, 'Can add group', 3, 'add_group'),
(10, 'Can change group', 3, 'change_group'),
(11, 'Can delete group', 3, 'delete_group'),
(12, 'Can view group', 3, 'view_group'),
(13, 'Can add user', 4, 'add_user'),
(14, 'Can change user', 4, 'change_user'),
(15, 'Can delete user', 4, 'delete_user'),
(16, 'Can view user', 4, 'view_user'),
(17, 'Can add content type', 5, 'add_contenttype'),
(18, 'Can change content type', 5, 'change_contenttype'),
(19, 'Can delete content type', 5, 'delete_contenttype'),
(20, 'Can view content type', 5, 'view_contenttype'),
(21, 'Can add session', 6, 'add_session'),
(22, 'Can change session', 6, 'change_session'),
(23, 'Can delete session', 6, 'delete_session'),
(24, 'Can view session', 6, 'view_session'),
(25, 'Can add data cam', 7, 'add_datacam'),
(26, 'Can change data cam', 7, 'change_datacam'),
(27, 'Can delete data cam', 7, 'delete_datacam'),
(28, 'Can view data cam', 7, 'view_datacam'),
(29, 'Can add iklan', 8, 'add_iklan'),
(30, 'Can change iklan', 8, 'change_iklan'),
(31, 'Can delete iklan', 8, 'delete_iklan'),
(32, 'Can view iklan', 8, 'view_iklan'),
(33, 'Can add people count', 9, 'add_peoplecount'),
(34, 'Can change people count', 9, 'change_peoplecount'),
(35, 'Can delete people count', 9, 'delete_peoplecount'),
(36, 'Can view people count', 9, 'view_peoplecount');

-- --------------------------------------------------------

--
-- Table structure for table `auth_user`
--

CREATE TABLE `auth_user` (
  `id` int(11) NOT NULL,
  `password` varchar(128) NOT NULL,
  `last_login` datetime(6) DEFAULT NULL,
  `is_superuser` tinyint(1) NOT NULL,
  `username` varchar(150) NOT NULL,
  `first_name` varchar(150) NOT NULL,
  `last_name` varchar(150) NOT NULL,
  `email` varchar(254) NOT NULL,
  `is_staff` tinyint(1) NOT NULL,
  `is_active` tinyint(1) NOT NULL,
  `date_joined` datetime(6) NOT NULL
) ENGINE=InnoDB DEFAULT CHARSET=utf8mb4;

-- --------------------------------------------------------

--
-- Table structure for table `auth_user_groups`
--

CREATE TABLE `auth_user_groups` (
  `id` int(11) NOT NULL,
  `user_id` int(11) NOT NULL,
  `group_id` int(11) NOT NULL
) ENGINE=InnoDB DEFAULT CHARSET=utf8mb4;

-- --------------------------------------------------------

--
-- Table structure for table `auth_user_user_permissions`
--

CREATE TABLE `auth_user_user_permissions` (
  `id` int(11) NOT NULL,
  `user_id` int(11) NOT NULL,
  `permission_id` int(11) NOT NULL
) ENGINE=InnoDB DEFAULT CHARSET=utf8mb4;

-- --------------------------------------------------------

--
-- Table structure for table `data_cam`
--

CREATE TABLE `data_cam` (
  `id` int(255) NOT NULL,
  `id_iklan` int(255) NOT NULL,
  `kode_umur` varchar(30) NOT NULL,
  `kode_gender` varchar(30) NOT NULL,
  `waktu` timestamp NOT NULL DEFAULT current_timestamp()
) ENGINE=InnoDB DEFAULT CHARSET=utf8mb4;

--
-- Dumping data for table `data_cam`
--

INSERT INTO `data_cam` (`id`, `id_iklan`, `kode_umur`, `kode_gender`, `waktu`) VALUES
(1, 3, '\'25-32\'', '\'Male\'', '2020-10-19 07:07:40'),
(2, 3, '\'25-32\'', '\'Male\'', '2020-10-19 07:10:00'),
(3, 2, '\'25-32\'', '\'Male\'', '2020-10-19 07:13:04'),
(4, 3, '\'25-32\'', '\'Male\'', '2020-10-19 07:18:34'),
(5, 1, '\'25-32\'', '\'Male\'', '2020-10-19 07:19:37'),
(6, 1, '\'25-32\'', '\'Male\'', '2020-10-19 07:21:01'),
(7, 2, '\'25-32\'', '\'Male\'', '2020-10-19 07:23:49'),
(8, 2, '\'25-32\'', '\'Male\'', '2020-10-19 07:26:03'),
(9, 1, '\'25-32\'', '\'Male\'', '2020-10-19 07:27:02'),
(10, 1, '\'25-32\'', '\'Male\'', '2020-10-19 07:28:43'),
(11, 3, '\'25-32\'', '\'Male\'', '2020-10-19 07:29:51'),
(12, 1, '\'25-32\'', '\'Male\'', '2020-10-19 07:31:31'),
(13, 3, '\'25-32\'', '\'Male\'', '2020-10-19 07:33:17'),
(14, 2, '\'25-32\'', '\'Male\'', '2020-10-19 07:38:40'),
(15, 2, '\'25-32\'', '\'Male\'', '2020-10-19 07:40:08'),
(16, 2, '\'25-32\'', '\'Male\'', '2020-10-19 07:40:38'),
(17, 1, '\'25-32\'', '\'Male\'', '2020-10-19 07:41:49'),
(18, 3, '\'0-2\'', '\'Male\'', '2020-10-19 07:43:11'),
(19, 2, '\'0-2\'', '\'Male\'', '2020-10-19 07:44:20'),
(20, 3, '\'25-32\'', '\'Male\'', '2020-10-19 07:46:12'),
(21, 2, '\'48-53\'', '\'Male\'', '2020-10-19 07:49:15'),
(22, 2, '\'25-32\'', '\'Male\'', '2020-10-19 07:51:46'),
(23, 3, '\'25-32\'', '\'Male\'', '2020-10-19 07:53:06'),
(24, 1, '\'25-32\'', '\'Male\'', '2020-10-19 07:54:03'),
(25, 1, '\'25-32\'', '\'Male\'', '2020-10-19 07:56:41'),
(26, 3, '\'25-32\'', '\'Male\'', '2020-10-20 03:56:21'),
(27, 3, '\'4-6\'', '\'Male\'', '2020-10-20 03:56:22'),
(28, 1, '\'25-32\'', '\'Male\'', '2020-10-20 04:23:46'),
(29, 1, '\'25-32\'', '\'Male\'', '2020-10-20 04:24:58'),
(30, 3, '\'25-32\'', '\'Male\'', '2020-10-20 04:26:00'),
(31, 3, '\'25-32\'', '\'Male\'', '2020-10-20 04:26:45'),
(32, 3, '\'25-32\'', '\'Male\'', '2020-10-20 04:29:36'),
(33, 3, '\'25-32\'', '\'Male\'', '2020-10-21 06:28:55'),
(34, 1, '\'25-32\'', '\'Male\'', '2020-11-09 08:40:38'),
(35, 2, '\'25-32\'', '\'Male\'', '2020-11-09 08:40:58'),
(36, 3, '\'25-32\'', '\'Female\'', '2020-11-10 05:51:31'),
(37, 2, '\'25-32\'', '\'Male\'', '2020-11-10 05:52:22');

-- --------------------------------------------------------

--
-- Table structure for table `django_admin_log`
--

CREATE TABLE `django_admin_log` (
  `id` int(11) NOT NULL,
  `action_time` datetime(6) NOT NULL,
  `object_id` longtext DEFAULT NULL,
  `object_repr` varchar(200) NOT NULL,
  `action_flag` smallint(5) UNSIGNED NOT NULL CHECK (`action_flag` >= 0),
  `change_message` longtext NOT NULL,
  `content_type_id` int(11) DEFAULT NULL,
  `user_id` int(11) NOT NULL
) ENGINE=InnoDB DEFAULT CHARSET=utf8mb4;

-- --------------------------------------------------------

--
-- Table structure for table `django_content_type`
--

CREATE TABLE `django_content_type` (
  `id` int(11) NOT NULL,
  `app_label` varchar(100) NOT NULL,
  `model` varchar(100) NOT NULL
) ENGINE=InnoDB DEFAULT CHARSET=utf8mb4;

--
-- Dumping data for table `django_content_type`
--

INSERT INTO `django_content_type` (`id`, `app_label`, `model`) VALUES
(1, 'admin', 'logentry'),
(3, 'auth', 'group'),
(2, 'auth', 'permission'),
(4, 'auth', 'user'),
(5, 'contenttypes', 'contenttype'),
(6, 'sessions', 'session'),
(7, 'streamapp', 'datacam'),
(8, 'streamapp', 'iklan'),
(9, 'streamapp', 'peoplecount');

-- --------------------------------------------------------

--
-- Table structure for table `django_migrations`
--

CREATE TABLE `django_migrations` (
  `id` int(11) NOT NULL,
  `app` varchar(255) NOT NULL,
  `name` varchar(255) NOT NULL,
  `applied` datetime(6) NOT NULL
) ENGINE=InnoDB DEFAULT CHARSET=utf8mb4;

--
-- Dumping data for table `django_migrations`
--

INSERT INTO `django_migrations` (`id`, `app`, `name`, `applied`) VALUES
(1, 'contenttypes', '0001_initial', '2020-09-18 09:02:23.091767'),
(2, 'auth', '0001_initial', '2020-09-18 09:02:24.521827'),
(3, 'admin', '0001_initial', '2020-09-18 09:02:32.899419'),
(4, 'admin', '0002_logentry_remove_auto_add', '2020-09-18 09:02:35.107603'),
(5, 'admin', '0003_logentry_add_action_flag_choices', '2020-09-18 09:02:35.154648'),
(6, 'contenttypes', '0002_remove_content_type_name', '2020-09-18 09:02:35.813746'),
(7, 'auth', '0002_alter_permission_name_max_length', '2020-09-18 09:02:36.778890'),
(8, 'auth', '0003_alter_user_email_max_length', '2020-09-18 09:02:37.157676'),
(9, 'auth', '0004_alter_user_username_opts', '2020-09-18 09:02:37.194056'),
(10, 'auth', '0005_alter_user_last_login_null', '2020-09-18 09:02:38.255617'),
(11, 'auth', '0006_require_contenttypes_0002', '2020-09-18 09:02:38.287210'),
(12, 'auth', '0007_alter_validators_add_error_messages', '2020-09-18 09:02:38.315944'),
(13, 'auth', '0008_alter_user_username_max_length', '2020-09-18 09:02:38.445660'),
(14, 'auth', '0009_alter_user_last_name_max_length', '2020-09-18 09:02:38.611609'),
(15, 'auth', '0010_alter_group_name_max_length', '2020-09-18 09:02:38.723506'),
(16, 'auth', '0011_update_proxy_permissions', '2020-09-18 09:02:38.748491'),
(17, 'auth', '0012_alter_user_first_name_max_length', '2020-09-18 09:02:38.834492'),
(18, 'sessions', '0001_initial', '2020-09-18 09:02:39.110581'),
(19, 'streamapp', '0001_initial', '2020-09-18 09:02:39.268469'),
(20, 'streamapp', '0002_peoplecount', '2020-10-19 08:32:49.914975');

-- --------------------------------------------------------

--
-- Table structure for table `django_session`
--

CREATE TABLE `django_session` (
  `session_key` varchar(40) NOT NULL,
  `session_data` longtext NOT NULL,
  `expire_date` datetime(6) NOT NULL
) ENGINE=InnoDB DEFAULT CHARSET=utf8mb4;

--
-- Dumping data for table `django_session`
--

INSERT INTO `django_session` (`session_key`, `session_data`, `expire_date`) VALUES
('00ssvc9cnrto3su01a3g2wm8tu2ognnm', 'eyJpZF9sb29wIjoxLCJkYXRhX2hpdHVuZyI6NTB9:1kL3f9:gpVw20rso9t4atkyEG1Kf4scEPfbLajg2sMvAKMA1n0', '2020-10-07 12:14:19.729105'),
('01pnblfhklbzqh99f74906ozn3rlr2wi', 'eyJpZF9sb29wIjoyLCJkYXRhX2hpdHVuZyI6M30:1kKarG:tdjfDkgDQOJeRtxpSJbjB7-gQdOq8pobMHOI1cYCiBI', '2020-10-06 05:28:54.919407'),
('03xjgq4dupec9dbyamnvkry7qt3lvd3r', 'eyJpZF9sb29wIjoyLCJkYXRhX2hpdHVuZyI6N30:1kKFZj:bsB2A6N2CTPZ7jZY1Va9E2AWN8lZ4MXOvd7AJtL3vSw', '2020-10-05 06:45:23.637950'),
('071lj39ii06ic0q2egibtcnzt2dq3rp3', 'eyJpZF9sb29wIjoxfQ:1kUPTd:Skl6WyByR2hO9mkFPAXj07kX98ev-AkPrsy96YkwiRo', '2020-11-02 07:21:05.277464'),
('0c3pt2cqiiob3aj984lt158b04ylyvlo', 'eyJpZF9sb29wIjoyLCJkYXRhX2hpdHVuZyI6Mn0:1kTGHy:wHiPlpgAz6WZRTNztB4evZyiYcvyCe_2thbRqt1hoPg', '2020-10-30 03:20:18.613886'),
('0i12qadhvisp9f39te154i922j70xgv6', 'eyJpZF9sb29wIjozfQ:1kTFJS:Fg0G7KGqV-nJyM7GfaCWtdrdMRTL1alattdFX1rD4dw', '2020-10-30 02:17:46.829526'),
('0jj92ihktyepgn6n692g4n8gpnc7o945', 'eyJpZF9sb29wIjoxLCJkYXRhX2hpdHVuZyI6M30:1kUPbR:e1CKqYuXHydfQIksOeBVA5ku1_JMT_ibcV2jHmZAjW0', '2020-11-02 07:29:09.462985'),
('0jsllrqh69tof5p26e3zwwaiyo19k4d8', 'eyJpZF9sb29wIjoyLCJkYXRhX2hpdHVuZyI6MTB9:1kKG5B:7bnok3yk3IfaGf-ajzSkk7rHFidlCFkDC6DAYlz2nM8', '2020-10-05 07:17:53.187301'),
('0kgx30aol36dl80i68k5ya2c1php94sc', 'eyJpZF9sb29wIjoyLCJkYXRhX2hpdHVuZyI6MH0:1kKFFB:IfeQevkiylQ0-d_R7rBi2iH_QjB6Xrdf0iT9F3sidEI', '2020-10-05 06:24:09.133425'),
('0oixnrhidvfjms8mup94klju9yp69zfh', 'eyJpZF9sb29wIjoxfQ:1kUPbR:0F_pt6irlXwA4r0pKlEBak9rMc_0AzNW1xIgOHebsnM', '2020-11-02 07:29:09.301992'),
('0p7i2ev1a23myffsm66efxxhow1wo3at', 'eyJpZF9sb29wIjoxLCJkYXRhX2hpdHVuZyI6MX0:1kNrZC:XlwDIXjIDQ7hrZSklEpakWSQcP_L-MbcVRnxN2SPyCk', '2020-10-15 05:55:46.375679'),
('0pj1ouogcj29ebovv7y4ut5zv8x3s6bi', 'eyJpZF9sb29wIjoxfQ:1kT0VJ:J2f_GN0Tw8JuomxtJYI3zZKum4KhDxpJpjOIL1KEkfg', '2020-10-29 10:29:01.174955'),
('0us1axetfdlwabuphh18lyfvpd391i9e', 'eyJpZF9sb29wIjoyLCJkYXRhX2hpdHVuZyI6MH0:1kKDpV:6EL4g0yFN60Gzc0J_dizYesqFppFJpV8cdj1MLVu0Hg', '2020-10-05 04:53:33.220826'),
('0vu670mx2wr683mjbaalynv1r8qnux7v', 'eyJpZF9sb29wIjozfQ:1kTFKg:pZ2cxrIZ_Sui-v0fbyW4hBYHcLGBjgfQIWroJT7-FOA', '2020-10-30 02:19:02.385533'),
('0wrdw9dognhzaegyd9xr4u9w9vjxxkuw', 'eyJpZF9sb29wIjoyfQ:1kTD57:uNbuNMmD9WbZWr--gR4jPgA1FDhuuGqqf1dMsHfTh9k', '2020-10-29 23:54:49.749778'),
('128bm2znsg9baw9hyktcubdfvy8tx5av', 'eyJpZF9sb29wIjoyfQ:1kT0D8:Skji2ykZIDH5KqndeBBcsqnOnVssxEa4E7tZBzUQf2I', '2020-10-29 10:10:14.041626'),
('145x7493p9yzf9rsufpyk2s4du75yizh', 'eyJpZF9sb29wIjozLCJkYXRhX2hpdHVuZyI6MH0:1kSwzs:1Ri1yAgtMqdCCNtzGS5Vddf1S7fo6eT_2o8k6cIMz3w', '2020-10-29 06:44:20.199681'),
('14stxm19y8xfx770g4uef0hbnmyr438v', 'eyJpZF9sb29wIjozLCJkYXRhX2hpdHVuZyI6MTR9:1kKGWw:jfXufFDRDje8FjGGRxsth-ejGRABrfxHI32jrEIFpvM', '2020-10-05 07:46:34.087183'),
('156hb2daextn09pz4slbhnb4ubr7st6t', 'eyJpZF9sb29wIjoyLCJkYXRhX2hpdHVuZyI6OX0:1kNqFE:OtPTqlmuSIKIUs56UuaLRDvCiKjzQ80-SyClPKh3FXk', '2020-10-15 04:31:04.574893'),
('18rdbcj04flfgqlvvq88p0btv0nggtcp', 'eyJpZF9sb29wIjoyLCJkYXRhX2hpdHVuZyI6MjN9:1kT0wZ:Bkgai2ZBdPGafdufGsDgEvgjtwilmgJsSqzXQBfftNE', '2020-10-29 10:57:11.718096'),
('1czvig9d50l9v8951oga8bvwwmg55i6x', 'eyJpZF9sb29wIjoyLCJkYXRhX2hpdHVuZyI6Mzd9:1kKvHN:CIv5_4T14zWM_OVgCrXH-LHBhiyzvxz80k0cZYMdqYk', '2020-10-07 03:17:13.625161'),
('1dfce5n5mavdodtu6z6vfz40v5vdzhx8', 'eyJpZF9sb29wIjoyLCJkYXRhX2hpdHVuZyI6MH0:1kOB0I:bWd58mfSyahT_y-l1hdrCBPLb5jQWB8g0CBvhWjsaJI', '2020-10-16 02:41:02.302390'),
('1ei7mmqg8ka9rinw880j1o64vt4kd9bt', 'eyJpZF9sb29wIjoyLCJkYXRhX2hpdHVuZyI6MjZ9:1kTD3R:yDGPqd06vYMrbYVjSpBzFD5BXckSZyJtv2s9BKcCbzM', '2020-10-29 23:53:05.585849'),
('1f5bpo9x18nk3su7mxfimm3agtug86ye', 'eyJpZF9sb29wIjoyLCJkYXRhX2hpdHVuZyI6Mn0:1kSy2B:ahwJv5qCXZqOgcdvbOGZUS5FbqTpL0_FtCS4wDRM028', '2020-10-29 07:50:47.165915'),
('1fri5z4qu1z57xbrejx4xm7z18egk53y', 'eyJpZF9sb29wIjoxLCJkYXRhX2hpdHVuZyI6NX0:1kSyPu:Hb0EZryGlITTNWtgCu27nZ7ZE5oEQHF4gL-K7G-o-3U', '2020-10-29 08:15:18.901564'),
('1hmq6is95xfdwlrtwnxmqme84wc0umur', 'eyJpZF9sb29wIjoyfQ:1kUIbi:6QUIv2hFTuy5uUtvTPgw10ZtlMzXfvq8NBf6b68ybIU', '2020-11-02 00:00:58.663909'),
('1mm0b4fnflb8imj90ukl5xonv2bsdlyx', 'eyJpZF9sb29wIjoxLCJkYXRhX2hpdHVuZyI6NX0:1kUPnv:Il-MymS3nw1xvFwMk9AQf0JCusYI7n8Hagp1bYIj4Xg', '2020-11-02 07:42:03.903488'),
('1ps5ynec1y3s6ho0hmst7tame7vrarby', 'eyJpZF9sb29wIjoxLCJkYXRhX2hpdHVuZyI6MTd9:1kT09r:Du5xBCeo7zv_Qc7CZHqHpHSGrCRo9kpk6bbD_JgKn_A', '2020-10-29 10:06:51.826837'),
('1rlx3susr6oo1j6eblsof8zxiovdtves', 'eyJpZF9sb29wIjoyLCJkYXRhX2hpdHVuZyI6MH0:1kKDTF:5TgQiWxbfSGjXZzETpNb1yplgJ9xPbfYRDF9cidhHcY', '2020-10-05 04:30:33.959414'),
('1s0rc7mxyjru9mlt6ntxql0jw78seu4v', 'eyJpZF9sb29wIjoxLCJkYXRhX2hpdHVuZyI6Mn0:1kLLnk:illCFnqR7-xz_FWaIJWrWACRbv6gewFD1fu_Z_DRgPU', '2020-10-08 07:36:24.514890'),
('1s553cndz5xun0q5wxuy2vyd308dyjjw', 'eyJpZF9sb29wIjozLCJkYXRhX2hpdHVuZyI6MH0:1kOAcT:TTYc8vOcpwuFq2Ow9-VkZNAmMEn1kL1x2btBJYRP1g0', '2020-10-16 02:16:25.977218'),
('1s9d77ffm7clto4jnerygpeqtdlbzfwq', 'eyJpZF9sb29wIjoyfQ:1kUPWy:OZ-W7cYcvc_HReD5cEo-63cj7UKaLHlx4SCMSr7g5iQ', '2020-11-02 07:24:32.798532'),
('1t4p2d8coys67a656vpg88dpesy3nqgi', 'eyJpZF9sb29wIjoyLCJkYXRhX2hpdHVuZyI6MH0:1kLLcH:Fd5Y8UTEGVNZZzZAdKc5p7DmzkbshIjrDQFUpPAoggk', '2020-10-08 07:24:33.558822'),
('1u4jpbd22wrv8hen9md66m5li7iqm65i', 'eyJpZF9sb29wIjoyLCJkYXRhX2hpdHVuZyI6MX0:1kLNe4:a2uosXow9j63jx2rlfLB_lVlyE97cNcZ_S8Y4MJ0bmw', '2020-10-08 09:34:32.088882'),
('1xyo61xgofsfgno5pcs3497isomzvgyq', 'eyJpZF9sb29wIjozLCJkYXRhX2hpdHVuZyI6MTZ9:1kSzUH:5fsMzAnDom-5nsCjVGqjvcIB-4WkqTmI9aidAyj0yh4', '2020-10-29 09:23:53.412895'),
('1z4ygclmmc4syjyhksyslsaeutcmd2ho', 'eyJpZF9sb29wIjoyfQ:1kcMaQ:jsYunyqr6moacSc9MDQ8aEfgGiBsjO7xQvG7ncaz4ww', '2020-11-24 05:52:58.696384'),
('200sry0qdorj358qhgexglmwnhx6s2b9', 'eyJpZF9sb29wIjozLCJkYXRhX2hpdHVuZyI6MjB9:1kKHhR:DPH8IkM71vT5Kaaw4iYLfONPXtd1r4Dgtfar5uY5h0E', '2020-10-05 09:01:29.656855'),
('20a2m8o4yjgkbzbu8am9plm6d1geuhwi', 'eyJpZF9sb29wIjoxLCJkYXRhX2hpdHVuZyI6MH0:1kKFET:62TJYt9ODZY_XmLPW3xLKbWbZmeVDtX7MJArwySG3lE', '2020-10-05 06:23:25.415681'),
('21apfhwc1a6b8zxcgc3owjihozfcv3ro', 'eyJpZF9sb29wIjozfQ:1kTG1V:U2KUPm9maU2DZG3dfKEsUgm7gETZUCse2STF6HEnHJc', '2020-10-30 03:03:17.444716'),
('22y7u5y5uuyqf5nfj0gs2d3eojbzea3t', 'eyJpZF9sb29wIjozLCJkYXRhX2hpdHVuZyI6Mn0:1kOB2N:n490pHt295SC41ZIqq1e6gLbYUnkMf5ZD_7BmNX4rV8', '2020-10-16 02:43:11.465743'),
('23jlfnapgwcloyywpun44j964szhpwev', 'eyJpZF9sb29wIjoyLCJkYXRhX2hpdHVuZyI6Mn0:1kMo1B:ulvs0ZCU2g3G-3AAJtdliadUoyCV9AMTb-rcjX4IzXU', '2020-10-12 07:56:17.948633'),
('246g74oukb4v3m4psyd2fm9ukwc6ymz9', 'eyJpZF9sb29wIjozLCJkYXRhX2hpdHVuZyI6Nn0:1kLM2P:3uHjqg-BAfYv6IAMDi3VIlNaQ1ae0WFiRIOYQZgBYU8', '2020-10-08 07:51:33.137999'),
('26ymld50e8zm3cc1k1h7yh0eeknn56sn', 'eyJpZF9sb29wIjozfQ:1kT1Jr:cBYnsgKtzvl7aW9mGjmOAq8PAXFLJY18MtdaodNzVfw', '2020-10-29 11:21:15.845803'),
('27t6k3gvt4bwqmkdmi4575ga6ghefql4', 'eyJpZF9sb29wIjoxLCJkYXRhX2hpdHVuZyI6M30:1kSyI4:-8vUz7XNQUAlWlUREQaQzQ6H3ngjhwXgNBnzaqDhj34', '2020-10-29 08:07:12.350203'),
('28zdwsc5f2327703xsssmvto5n8qy4xv', 'eyJpZF9sb29wIjozfQ:1kT12T:1JjMt3heNXwd8lqlvH5jre3GYUVabRsBvk_2lMqDy5Y', '2020-10-29 11:03:17.332109'),
('2dqef6gdkaxt08nebizkz75fa44z2tz7', 'eyJpZF9sb29wIjozLCJkYXRhX2hpdHVuZyI6MTEzfQ:1kLJ6T:Alsz0-BpiMZBU0Z4OVp3SBw9t1MSpKKQXjqv1NImriE', '2020-10-08 04:43:33.160759'),
('2eiwcygpk5fu7f1eu1fikoxoyz3l3mk4', 'eyJpZF9sb29wIjozLCJkYXRhX2hpdHVuZyI6MjR9:1kT0lG:l0-iebVxTZSZHjz6naH4stAmdi1J4_Xwu8QOr2JFPMo', '2020-10-29 10:45:30.200575'),
('2q5g3pte2uchfvnswb2hslc9e3d3f4yc', 'eyJpZF9sb29wIjozLCJkYXRhX2hpdHVuZyI6MTEzfQ:1kLJ43:WwexjBr5HMtXQqxCrE39_m-VkgehYMxjSMU8_Fc66LE', '2020-10-08 04:41:03.000049'),
('2rekel78pllbnmpybpagiadnakq0h0o4', 'eyJpZF9sb29wIjoyLCJkYXRhX2hpdHVuZyI6NDR9:1kKw8h:jUH6izEAUtw2k0SG0DKgIL278qH2dVKOsFl5V9NcQpA', '2020-10-07 04:12:19.450911'),
('2rrwo51at1po8deloik6fx4s8u7ekz7m', 'eyJpZF9sb29wIjozLCJkYXRhX2hpdHVuZyI6MH0:1kTG1V:UfarA-6n_vX0vNCkvRRvOmvop6OlJWzcrN6gT6E8dww', '2020-10-30 03:03:17.743633'),
('2uleo8sbxi9sv9glanqcmkknr8hzzder', 'eyJpZF9sb29wIjoxLCJkYXRhX2hpdHVuZyI6NzB9:1kL0Cp:DzM3KGbzHjIKRmkOKrx9nzimdAl7grpZwK4jAfO4wNo', '2020-10-07 08:32:51.547499'),
('2v4qwws2sthtwt74irlvik04m9e78xu0', 'eyJpZF9sb29wIjoyLCJkYXRhX2hpdHVuZyI6OTN9:1kKyeN:VDDSwezeZ7Iham3x9mxspg8ovitqOTHvxN7a4lP_gCw', '2020-10-07 06:53:11.199662'),
('2vzbijhqqc0chsuf25uidqcy8britv5l', 'eyJpZF9sb29wIjozLCJkYXRhX2hpdHVuZyI6OTN9:1kKyl8:FFgoQGgA71ai2VvAco0FyEd7riwLmf-eCEshFBjj4JY', '2020-10-07 07:00:10.349897'),
('30viy43zas25sxr0efr0flihbqiz0b0r', 'eyJpZF9sb29wIjozfQ:1kTG4H:nQr9AvKWxW8zdVXSLzUyPQSVOI45ImpzUyiH6nEsVOQ', '2020-10-30 03:06:09.836450'),
('30zaznqmedu8r46jbjp60taid3fpmfwi', 'eyJpZF9sb29wIjozLCJkYXRhX2hpdHVuZyI6MTR9:1kLNRJ:eCfyR7I0O-Wf1a-tG8vzBaXtBONNKzViOgc5z327Jr8', '2020-10-08 09:21:21.523628'),
('318v7h46jjzn7bk1q59j8ewifr9xt4hi', 'eyJpZF9sb29wIjoyfQ:1kT0Gx:rUpPcm9fwPLWqj-k4TtZXFtSQDAKpuGzITOwRxFK3q8', '2020-10-29 10:14:11.624372'),
('31kenpoc0sz24jhan039nca010fmx232', 'eyJpZF9sb29wIjozfQ:1kUP0n:nyJrLf-h_OwHuFgU1Fe5grPcGL7142rWv1pXKbNXAzQ', '2020-11-02 06:51:17.368382'),
('330s9dcs0i874fgm4rvwuugetp3qdhkm', 'eyJpZF9sb29wIjozLCJkYXRhX2hpdHVuZyI6MTA0fQ:1kKz2R:aekTo_2UIxInloNd70uo_xuMADoA9WLd06-Sbs1bu4Q', '2020-10-07 07:18:03.000179'),
('36777joelucgnql39bqcn3vog9v3dpku', 'eyJpZF9sb29wIjoyLCJkYXRhX2hpdHVuZyI6MzN9:1kL3y7:CxK0Sfr_GBTNq6wkRryMQ6vTuBSPjL3WGmHKEyJZfa4', '2020-10-07 12:33:55.340757'),
('36x4gr22v9t3fcw7ldjpzov7u7uy0ws0', 'eyJpZF9sb29wIjozLCJkYXRhX2hpdHVuZyI6NH0:1kNpYX:0jzY9GcwdQ7ZBtImdlXNL9sHjIICo7KTEgrm7KkQogs', '2020-10-15 03:46:57.355654'),
('3bn8t0gzivsqq1zm4ilrvarnjw9a00nf', 'eyJpZF9sb29wIjozfQ:1kUjDs:FaWaKs-pq9122mliw9DhkiTc5Y2rkmjjjRrlNQRnq5k', '2020-11-03 04:26:08.019737'),
('3hzjxc7t7unv2fvpsmhm4dbrqz8jouja', 'eyJpZF9sb29wIjozLCJkYXRhX2hpdHVuZyI6MTB9:1kLNBE:zw-upzzs2-1CiC72nSXxMHoy5U3xxGEE3gvNXuDo1QQ', '2020-10-08 09:04:44.499715'),
('3ib4qnrt7v260dedszm86z22ae9psvgh', 'eyJpZF9sb29wIjozLCJkYXRhX2hpdHVuZyI6MX0:1kSxs8:ppPcDXbMJVM-ZzDQCGLs_6Whe8utzNiRTr9D0KsFnOM', '2020-10-29 07:40:24.100660'),
('3iu5gbgsdymmzsxklsw0p5vhaunkochs', 'eyJpZF9sb29wIjoxLCJkYXRhX2hpdHVuZyI6Mn0:1kUPan:vvbAyxrJvAo83_dz0sm-qHWxxNb5VOA8clntOrGrCYc', '2020-11-02 07:28:29.613311'),
('3kx5z5i4ei6qt8m56smphve7acvm5h87', 'eyJpZF9sb29wIjoyLCJkYXRhX2hpdHVuZyI6Mn0:1kN7PU:sZHKAmXXcIM1bYJ0kjHcAv749y9wtC5NCoEToVWj4po', '2020-10-13 04:38:40.249566'),
('3kyyvly848tc342u888l8nakbrvllf2h', 'eyJpZF9sb29wIjoxLCJkYXRhX2hpdHVuZyI6MH0:1kTGWn:BvJPbUhSDXPmJLzxQRCWaJlYT6quRng2PpG6qf3u0UU', '2020-10-30 03:35:37.461717'),
('3ogyg113vne580i9itzicmq0jf55gwzt', 'eyJpZF9sb29wIjozLCJkYXRhX2hpdHVuZyI6MH0:1kTGEs:R-Ad_t9L5y40h2dmUA7LYZuMNK9uH5XwxX7zpvmU7D4', '2020-10-30 03:17:06.887269'),
('3prr3bd0abw8zdo0csl7jb1utogg6xj2', 'eyJpZF9sb29wIjoxLCJkYXRhX2hpdHVuZyI6OH0:1kSydu:RiE8I2pu_pi8lqOKxL3zpXSGKayDYzmqlcEYQVgQA9U', '2020-10-29 08:29:46.945655'),
('3rhsxsyd3sbnwsem4wclitx1uxi3fb99', 'eyJpZF9sb29wIjozLCJkYXRhX2hpdHVuZyI6MX0:1kKDnc:Kk0orMtVa6dbdOojBWN6uGALCctHPCpGTqByQ2pudVE', '2020-10-05 04:51:36.772712'),
('3tl3sdvbdslyr73vsmhffmytdwwb7v15', 'eyJpZF9sb29wIjoyfQ:1kUPv2:XBdtQ-YXcXEGw6K9X7SiUYTDae8pCnPRTzrFvUp91UQ', '2020-11-02 07:49:24.078981'),
('3tzn453rf8vo1d1yw3lbvq1qlqomak6e', 'eyJpZF9sb29wIjozLCJkYXRhX2hpdHVuZyI6OTN9:1kKyhj:ctGI0oaFQCxRo3R5YoK84F-vVokCBbo8InT0HFYrJPU', '2020-10-07 06:56:39.036993'),
('3z66w8ekxt06sr2ljv0p6kgwn7dp9nb8', 'eyJpZF9sb29wIjoxfQ:1kT0YC:gQlpN7REUQCtdQi9s003ZTdzK4UNuX_HLnMjKip0li0', '2020-10-29 10:32:00.862149'),
('3znxq658ea3oxi5yx25yepjelih5wzd5', 'eyJpZF9sb29wIjoyfQ:1kTGHy:E6zG8sQLY84mX0qsniFxFtTlLSCvKIKvPCDFOrl7BOE', '2020-10-30 03:20:18.690886'),
('419gmvxgj3928kzx1fpcxhvsetuyrnhf', 'eyJpZF9sb29wIjozLCJkYXRhX2hpdHVuZyI6MH0:1kKDfA:O9XwqEMW6kkoch4owOe1IOmsX6gzdmhxaeqm8mgiMDk', '2020-10-05 04:42:52.291139'),
('42is7kn09lnh3h5f2aj3xe3h7h3f1avg', 'eyJpZF9sb29wIjoxLCJkYXRhX2hpdHVuZyI6MTl9:1kKHiB:mEfr8CHLwNP3ieJaXDgXLrwXKJ08IWbB_TJWZ3NeR2c', '2020-10-05 09:02:15.842999'),
('47lmchbcigklutftkfudtakf7vgj06vs', 'eyJpZF9sb29wIjoxLCJkYXRhX2hpdHVuZyI6Nn0:1kKFNJ:mCH9Ito1fB6iuge95-B9CdnwBzK5_NBk5x4BEOyibLw', '2020-10-05 06:32:33.048321'),
('480gpd7kvu4s67t67zyleokmx2jazlsi', 'eyJpZF9sb29wIjoyLCJkYXRhX2hpdHVuZyI6MTV9:1kKGnJ:xLXTkEA2UME17-4K1c_mt-P-MSSIlC10yKtpLjz5bKQ', '2020-10-05 08:03:29.480904'),
('4bv3hrngxb1sgjoaiteizautazv5pakp', 'eyJpZF9sb29wIjoyfQ:1kTFf8:I9xbsfWLa-MgFAJeH38VPHBdLxxqAsGNOd9vxl9BP1Q', '2020-10-30 02:40:10.059098'),
('4cic5x4n2191870931iu02ls7v6o8kal', 'eyJpZF9sb29wIjoyLCJkYXRhX2hpdHVuZyI6MH0:1kSxmO:7_hSYFcApQ0jvUSRf3d9ABOvMzZP4ZzCfWeBTCuhLHE', '2020-10-29 07:34:28.094795'),
('4dphjwmbtnvuke0pv5gj7z30nk4ouwld', 'eyJpZF9sb29wIjoxfQ:1kT0vi:qVRuMhUXVfXCK_xm88Ld_Ks_xOmhIaLiJvb2oL_HBFM', '2020-10-29 10:56:18.867213'),
('4eph06ua2f9t713wlyxbaro3mbd56nrr', 'eyJpZF9sb29wIjoyfQ:1kT0fI:Ryk9jAQu7pHW8PZ6nSZZKS1pOHdU_9R8cKTioJZtCcY', '2020-10-29 10:39:20.892961'),
('4gj210bka26l9kxstgjapqrcp67sw567', 'eyJpZF9sb29wIjozLCJkYXRhX2hpdHVuZyI6NH0:1kUPp7:_-DG90d48xsDzz_oXpvWRkbKO7xmRYQl5f1z7jqzQls', '2020-11-02 07:43:17.405467'),
('4gl8sodjdegfy5eb3aq3ifqtbjktknze', 'eyJpZF9sb29wIjoxfQ:1kT0RO:wCLUKG3Z_7d7TtuXULUiYEt8IK_WZdRrIuFjaOik_c0', '2020-10-29 10:24:58.729196'),
('4i7nhx0nyotkv8whvnp9cew85bk3nx2i', 'eyJpZF9sb29wIjoxLCJkYXRhX2hpdHVuZyI6MH0:1kSxtR:nnbGRWxJFufPouylCgETN6JMnHkjtrVnEMugKuUP1K4', '2020-10-29 07:41:45.435598'),
('4j1m8rac7xfsdsglcxtbp4r3b7zqoagy', 'eyJpZF9sb29wIjozLCJkYXRhX2hpdHVuZyI6NDR9:1kKyQw:UMiQo0Pon31BzGeR6fN0qWwh5oKz7JqVkNowj1fGN2Y', '2020-10-07 06:39:18.323488'),
('4l56ufniw9clb7vz11xwnqvk18lvjxkv', 'eyJpZF9sb29wIjoxLCJkYXRhX2hpdHVuZyI6MH0:1kKDjr:wlblJpbKNBt4BGMyxR-ItebMcIt5XnPhVa3pHXiuxA0', '2020-10-05 04:47:43.203669'),
('4lnmt01f4gow3sl94jpjym0wqld72hzp', 'eyJpZF9sb29wIjoxLCJkYXRhX2hpdHVuZyI6Mzh9:1kKyKk:71uhaOk6Iqo6oSz612JNR1LyTI2wwA94QfeY3oj6ObI', '2020-10-07 06:32:54.633981'),
('4lwmyz5gmgayhmdm170kczh6v1b8r25a', 'eyJpZF9sb29wIjoyLCJkYXRhX2hpdHVuZyI6MTB9:1kcMaQ:_PtAKaaY0UhDAjZgxqTaJW7iJWqkcBpUfL5SQQrd3g8', '2020-11-24 05:52:58.772707'),
('4mf2fijmoc2z3cie3b2x2dqt421fp6yf', 'eyJpZF9sb29wIjozLCJkYXRhX2hpdHVuZyI6NX0:1kQRda:6o1B7mQsbRvm1nfxcF_h270730EPwb9yq1V7TnYBL2E', '2020-10-22 08:50:58.499848'),
('4olvumh7ohgme1dy0fvt5urabmy4bkqj', 'eyJpZF9sb29wIjozfQ:1kSzwx:yISBFeYEvQu4Jcl6my3bViLLloc7-7uenWZ9W0-9oWo', '2020-10-29 09:53:31.237733'),
('4pouv2mym492rif3g7a95s27x9isgvv1', 'eyJpZF9sb29wIjozLCJkYXRhX2hpdHVuZyI6N30:1kUilE:R_ZmjC4cyxk_OWs9UUKeXjRcKJDUwEyabJhB6K9thtY', '2020-11-03 03:56:32.496231'),
('4tiutlqv6dhs8yhgssju07ac6n9s5f2e', 'eyJpZF9sb29wIjozLCJkYXRhX2hpdHVuZyI6NX0:1kKE6c:y_9qGD7J85de62CWQe7O-rynUga1jJiKLV_qCieKYHE', '2020-10-05 05:11:14.065909'),
('5123rz066gh78rp64tbh20jn22afipsh', 'eyJpZF9sb29wIjoxLCJkYXRhX2hpdHVuZyI6MH0:1kSwnT:3B7ZIykjX7-lATiWr93R0jKB5hVhXUGcl-443lutXsE', '2020-10-29 06:31:31.381813'),
('520of28h7422uzlv866e13c2sbnpmxhf', 'eyJpZF9sb29wIjoyfQ:1kUIcv:x5KJLAA_oEV8VmTXX4GLOO3bRZ7DCeuvy-xsfGJ5fO8', '2020-11-02 00:02:13.897126'),
('5228ii70rk0oh2882zuewmsknxownslx', 'eyJpZF9sb29wIjozLCJkYXRhX2hpdHVuZyI6OTR9:1kL3ze:t02wOwZ4aMlwpJiTAx42E4qTGFCEBq8YKzIZRoCCLig', '2020-10-07 12:35:30.714107'),
('59ftouaxh8d4sm93slqw6v2lmcc19lyz', 'eyJpZF9sb29wIjozLCJkYXRhX2hpdHVuZyI6MH0:1kLLoY:hLDjgNIaZXQBrJ8hQUn43IHSE0orilD8MHP9WYDtm7o', '2020-10-08 07:37:14.348851'),
('5dwpf4tutfm1y5bt5fbuywlp67v0kg14', 'eyJpZF9sb29wIjozLCJkYXRhX2hpdHVuZyI6N30:1kSvfZ:XoGhGRg1Oohz9edSwDBWcL5YKJaVttX8CZBPbVzgkG0', '2020-10-29 05:19:17.423946'),
('5fbt34ofb1bzt790qyix9laklkugxu8v', 'eyJpZF9sb29wIjozLCJkYXRhX2hpdHVuZyI6MH0:1kTJSg:-fI-hjDipN-AkmDJUQKNgX63NQL22sIZpweVNM0Bfoc', '2020-10-30 06:43:34.008856'),
('5g4xy0lus1hzcxz0aghw4agwuns70ead', 'eyJpZF9sb29wIjoxLCJkYXRhX2hpdHVuZyI6MTF9:1kKGFF:xRIcVuH74MwkxIJwNGr0Xj-BQBWZOELAYufcgu7rBJM', '2020-10-05 07:28:17.509237'),
('5h8sy7327xky8mc3ddn2z5w3v8ellic5', 'eyJpZF9sb29wIjozLCJkYXRhX2hpdHVuZyI6MX0:1kLLrJ:zcYInSl_g1MEYNCL8kghi9y7DyIbVGVq6ePpZDeHyME', '2020-10-08 07:40:05.163465'),
('5tbwjozyegue4a95cw7mxcfyajrqoitp', 'eyJpZF9sb29wIjoxLCJkYXRhX2hpdHVuZyI6MzB9:1kT1HI:2QtCpERYx6ssrDzrezUxWrGV98EHp8c1vsclyleynbM', '2020-10-29 11:18:36.387586'),
('5vzrxq7844sk2x5vvtj3wozjp36yacoi', 'eyJpZF9sb29wIjoyfQ:1kTFmp:cEhvHbQB61ell5lpnrydVn1N04SGEPkaZ8S7p7wRx2w', '2020-10-30 02:48:07.356933'),
('5wzgqozgffxhlu8drppvqtw7v7a2jcdt', 'eyJpZF9sb29wIjoxLCJkYXRhX2hpdHVuZyI6MTN9:1kSzAX:VxMhdW3IZ3r5pNvU1dv0r0M0IoYD1oAji7kCFSvD6rQ', '2020-10-29 09:03:29.461125'),
('5xfv43pldxr5xjnpb1mdt6f7buaackqp', 'eyJpZF9sb29wIjoyLCJkYXRhX2hpdHVuZyI6Nn0:1kUPqE:1IyXfvPGzWLU8qOozfuRebWZ47sZCBpjVNlYvkN7604', '2020-11-02 07:44:26.779689'),
('5yv6b1gv7vni8m4x1jifnqjsv0ziwlw2', 'eyJpZF9sb29wIjoyLCJkYXRhX2hpdHVuZyI6NH0:1kSyTm:Rth-haMya-dHMrci_cTlPnL0eR0daO6krJygIK3k2sE', '2020-10-29 08:19:18.603443'),
('61d22xxyvboc02i0ymhulsj5pqttei1h', 'eyJpZF9sb29wIjozLCJkYXRhX2hpdHVuZyI6OTh9:1kLDXs:Q-zvMvq_j8TgKoWFs2kz27Bf6HRA-iUKn4gPMk37XIY', '2020-10-07 22:47:28.585504'),
('659sqcenw5x2kzgyn7ho7oonk0fu3oji', 'eyJpZF9sb29wIjoxfQ:1kUPe2:0nTRM-rwbN0dEkD-nvBcDE-Qjax5eHjmOBBq9zNKRSU', '2020-11-02 07:31:50.248393'),
('66ex470obsc539apkvivcpbrowairu7f', 'eyJpZF9sb29wIjozLCJkYXRhX2hpdHVuZyI6N30:1kKFYx:oanIxOKCD4xBjJuw04P7xBGt5fZWM8Pc54kHM0b9vNY', '2020-10-05 06:44:35.793662'),
('66mjv50ygump67q3sd4pcumvputjpxn9', 'eyJpZF9sb29wIjozLCJkYXRhX2hpdHVuZyI6MTR9:1kKGdw:CrcP-oP40QcivMx2Un8HSWv4p-lEV2GdRGPAQR0cb4s', '2020-10-05 07:53:48.705954'),
('69toiaszjj69mtt0nhfrb8rw1p6k3gjo', 'eyJpZF9sb29wIjoyLCJkYXRhX2hpdHVuZyI6MX0:1kKaps:Vj0fRTaXJp5xGk_NUW5BHmnDlE9ksUtycmgqXU8iWaE', '2020-10-06 05:27:28.929488'),
('69vyhnylfn59ebgt9r3zunu9hl88adsc', 'eyJpZF9sb29wIjozLCJkYXRhX2hpdHVuZyI6OH0:1kLM8p:z7TjYgfKuJ-xdS1eC0VdfjBx-bvvnQp4HfP8GZXERCo', '2020-10-08 07:58:11.002103'),
('6a9icwae3pqwvr265x5uj6n944cm0z5u', 'eyJpZF9sb29wIjozLCJkYXRhX2hpdHVuZyI6N30:1kKFZN:MTR-54qcjY681w3jB__OfJZhGpSAcTx636DRWQxF_8o', '2020-10-05 06:45:01.832330'),
('6be33jh9s65lyord3vptht1mfjip9chm', 'eyJpZF9sb29wIjozfQ:1kT1Iu:XQQpC-p1rj0FJqbxAkQlBDriHBofU0yg2wq9eE6iHww', '2020-10-29 11:20:16.065430'),
('6cgqjegky7h2ovo149eruuetrzbck316', 'eyJpZF9sb29wIjozLCJkYXRhX2hpdHVuZyI6MTE5fQ:1kLKQY:Z_usmcGRN50vn19VwJvMzdmzWhhhwpZA2PegUrGZ6EI', '2020-10-08 06:08:22.307077'),
('6filuuc95b4zenkz1tsgyyo2oappr4jk', 'eyJpZF9sb29wIjozfQ:1kJxut:Z-m1ql7xEV21HBaPXRJox2WjFD7LfDwSd4Kr8diZxLQ', '2020-10-04 11:54:03.216673'),
('6fqahs6ksftylgkc0k5juhx3ke74a80j', 'eyJpZF9sb29wIjozLCJkYXRhX2hpdHVuZyI6M30:1kLLwm:bgl4wKDP-QjjSmT7_7Jh0kZvCindy7BJ8kLfWsQTsm4', '2020-10-08 07:45:44.410789'),
('6fssqw242dxgbzc1yq6gxfa9pc3v3hq2', 'eyJpZF9sb29wIjoxLCJkYXRhX2hpdHVuZyI6NDR9:1kKykI:ivNil7rl7csqUGxQD05Yfr3dK4GxtWTRFZohIZE_Qwc', '2020-10-07 06:59:18.360847'),
('6gz5mnyza86op7mm7ophcbwnawte0qic', 'eyJpZF9sb29wIjoxLCJkYXRhX2hpdHVuZyI6Mn0:1kUMyA:KBbpLXp7Cu5f3bZWDY8MjN9zZnDv2_dsJr1_rpzQbAw', '2020-11-02 04:40:26.418351'),
('6iadrza69ldv46x40c0weclqj5ywci1u', 'eyJpZF9sb29wIjozLCJkYXRhX2hpdHVuZyI6MX0:1kUPRM:ipFM3tCvHQinzNRJaHm4h4AWZMCIs7UWzLmZ6mqJzJc', '2020-11-02 07:18:44.905519'),
('6n0b2i19yx1iqql2szsrhrsvc4a4lm4e', 'eyJpZF9sb29wIjozLCJkYXRhX2hpdHVuZyI6MH0:1kSwrn:9IN7-shpA9NtG9gE0mffNltFJEvzhCjokN6WjNqQI9c', '2020-10-29 06:35:59.322992'),
('6o57fzj1pcczx7xmc028qmdcwv2pz77l', 'eyJpZF9sb29wIjozLCJkYXRhX2hpdHVuZyI6OX0:1kKFoO:Omfzkqo53anT3szhuYuSRfMkIwaJ7m8zRqodjHD-XKM', '2020-10-05 07:00:32.583702'),
('6q70lhvgbf3eim00gpyqxxvbt1zt3qzy', 'eyJpZF9sb29wIjoxLCJkYXRhX2hpdHVuZyI6MTJ9:1kSyqv:rIa6V8zLoW67AjByqOgZEaSPEIvc31nyLkvVyDo9X8Q', '2020-10-29 08:43:13.276010'),
('6r6uehjv6w62zwje9rbovr9kj20xhbgd', 'eyJpZF9sb29wIjoyLCJkYXRhX2hpdHVuZyI6MTZ9:1kL3Qv:nEpcWSjiKYVr-ld4koQVT4itD2PEWav0cLofP2DqS3A', '2020-10-07 11:59:37.781453'),
('6rptse7mgyt05xrlijxg7n35zlhqx4pz', 'eyJpZF9sb29wIjoxLCJkYXRhX2hpdHVuZyI6MzR9:1kTC7M:SyUe51yDoTmJkD3Y0adWozBvF7P5dJ13nqr4n5qza50', '2020-10-29 22:53:04.173456'),
('6yjy4uzxiqn69hwqnmnymb21yelu5p5f', 'eyJpZF9sb29wIjoyLCJkYXRhX2hpdHVuZyI6Nzd9:1kL3ND:hwFnHuvCfayOwQocPpVZb7nQZosCrOqeiZ42ZQmet_s', '2020-10-07 11:55:47.479870'),
('71ugso8wrvctw1uz2z8jyk2zd5trpgng', 'eyJpZF9sb29wIjozfQ:1kT0ia:srR25U_tKzCp6bIOTGZytvOT24sjcdJ8SaCYACch_mY', '2020-10-29 10:42:44.174810'),
('72ja4g32brjrrnh1stafifu6krh7uhx8', 'eyJpZF9sb29wIjoxLCJkYXRhX2hpdHVuZyI6MH0:1kSwPQ:PRZaAN8R5XC5xJ1nIRP8Z5_JuZWcaklYHii3Vq0W99Q', '2020-10-29 06:06:40.799030'),
('74bdxifeiypz2l2m0ekl4pmcpttnxvls', 'eyJpZF9sb29wIjozLCJkYXRhX2hpdHVuZyI6NTh9:1kKyyj:B0wIen9prKHnOtBTT1gjXWw9oqS-uavKoaCzE8FI1D4', '2020-10-07 07:14:13.857670'),
('76586hhfjnmhqq9sf3w7dewsjn5q7evh', 'eyJpZF9sb29wIjozLCJkYXRhX2hpdHVuZyI6M30:1kUPfc:ssRz9MABSn9AK5vJNddJ2NyVf4JZ384EO64gMObKiRw', '2020-11-02 07:33:28.066400'),
('78tm0cbqfwo9fblc2o3et0bzqmpn6680', 'eyJpZF9sb29wIjozLCJkYXRhX2hpdHVuZyI6MTEyfQ:1kL0Pg:lv8Cd5KVXMS2AgYi-Ig8DclGe6sKy2_IFxb3sHC3XGc', '2020-10-07 08:46:08.823785'),
('7a8vgc8jjbsqhtuyk70ddaeivbvs7gcm', 'eyJpZF9sb29wIjozLCJkYXRhX2hpdHVuZyI6OTd9:1kKyx9:xxUw2oob7uVxo8xaUMWur7gDX_K-j5vWZMgrzRop11M', '2020-10-07 07:12:35.909827'),
('7aipdhkokqju93wbj8mjvszyvi3dt5ly', 'eyJpZF9sb29wIjozLCJkYXRhX2hpdHVuZyI6Nn0:1kSy46:jQwN2pNHJgnFfyVbhVNNTO2TR6M6bBM7RK1z9BsbdEc', '2020-10-29 07:52:46.748431'),
('7aiphh3nvq5v999wmiumt829p4ahuo7f', 'eyJpZF9sb29wIjozLCJkYXRhX2hpdHVuZyI6NX0:1kRpPx:VSFt1PL4CB76KZ24kSC8nO8zv0oXhM0ZHVmiOo-BT0A', '2020-10-26 04:26:37.878355'),
('7axchel1th5i9vhbnmuytybxouhsrgtv', 'eyJpZF9sb29wIjoyLCJkYXRhX2hpdHVuZyI6Mn0:1kN7f3:LRz0002JPMEnu8hRTYrbnMUNoBNf8FP3uxVG6kn_7rU', '2020-10-13 04:54:45.772086'),
('7c0vbwpjuamuhto0m73j3j6sof95l5wi', 'eyJpZF9sb29wIjoxLCJkYXRhX2hpdHVuZyI6MX0:1kUKyw:kaEiGaoywf0DWFexG1-XLIK8OyECtTI_rG2ehAbIWwk', '2020-11-02 02:33:06.377897'),
('7eq7e8s34se04q2t5w32k5yax746zpp1', 'eyJpZF9sb29wIjoxLCJkYXRhX2hpdHVuZyI6NTB9:1kLDWz:Qmh6ylCbcQFIHsy3ltm7yZ5PfJLfElq0_kJVQYFswxY', '2020-10-07 22:46:33.394629'),
('7gcezy3jk8r01buy5xpcrenpiikstwow', 'eyJpZF9sb29wIjoxLCJkYXRhX2hpdHVuZyI6MH0:1kTFlT:p31HCHuB3ifcQuIYXCuyF2qdfKgkkvLKhVXsQfKV_m8', '2020-10-30 02:46:43.360914'),
('7q3gkq8mgwxjqq24uuckghzspjer0s95', 'eyJpZF9sb29wIjoyfQ:1kT14e:km-ssUrpINik9SjUVsYMRe9dlrkS1SzfXHFamQrmN28', '2020-10-29 11:05:32.931612'),
('7rtgsgch3px4q0q2tnu4tdx95t6ly4fh', 'eyJpZF9sb29wIjoxLCJkYXRhX2hpdHVuZyI6MH0:1kOAfd:NHhu7m9tkMzMTe01BTZLK8dP1fRiErBhZeyWVyYLMho', '2020-10-16 02:19:41.818470'),
('7t3czqo8y6dnu7o78ihujgq0rb9q4p6l', 'eyJpZF9sb29wIjoxfQ:1kTFDP:1t9hlNbuxcrpewnlyHblbrkG2grdKWQ5jQeKC9tvWrg', '2020-10-30 02:11:31.327562'),
('7tv783warw6chn6luf6iekacl3q8bhls', 'eyJpZF9sb29wIjoxfQ:1kT0nH:bDr7QMNH9TGPTpbTU1xnWipY0aapAv5sYZjfpCXduPA', '2020-10-29 10:47:35.377889'),
('7wcmrt6gbbksh7ubmzkd7saqqb1vz9oz', 'eyJpZF9sb29wIjoxLCJkYXRhX2hpdHVuZyI6NjB9:1kLKVc:kNZVxvq2g-tFJE5OPdZWGi5LW1t0UfbZRwFfehSmC2g', '2020-10-08 06:13:36.410400'),
('7x0xut6zf1p6e5hlj49all76x37kjx53', 'eyJpZF9sb29wIjozLCJkYXRhX2hpdHVuZyI6NTB9:1kL3k9:zONWyY6rd4IPfk7oHQkTAFS2Q4_wFZ04X39_UQxqtLE', '2020-10-07 12:19:29.202334'),
('7xq7s3as9sj80ukfxj86ue6srh0uu2bm', 'eyJpZF9sb29wIjoxLCJkYXRhX2hpdHVuZyI6MH0:1kSwfP:JqLHFM1b6_OIs7cPDfTOWbKMotNOmVPbcgYCsMVMVUM', '2020-10-29 06:23:11.143275'),
('806rompyxo7slam8xy7nhfv9hzc2c2z1', 'eyJpZF9sb29wIjoyLCJkYXRhX2hpdHVuZyI6N30:1kSygh:TAypfGetUCQsIrAwGFWzhFFPOkUZx_pIIUt3ZN7MVcU', '2020-10-29 08:32:39.665736'),
('80o12alk4khw6wrgnvjshf6m2wg2xh4r', 'eyJpZF9sb29wIjoyLCJkYXRhX2hpdHVuZyI6M30:1kTJTw:gWg2Nmgz2hQAhppp1SyaN7IxExNc-SK5R4JxW6oIiBw', '2020-10-30 06:44:52.101481'),
('816a96kbzbt6ij9w235o96kmumiwazxe', 'eyJpZF9sb29wIjoyLCJkYXRhX2hpdHVuZyI6MX0:1kUPWy:VqLDES1gpM0LotZkwxVnVrrmQT9qAKJZhA6diEXEtoA', '2020-11-02 07:24:32.550415'),
('85bbxysfbenlw6mqgap28d80wru7edwm', 'eyJpZF9sb29wIjoyLCJkYXRhX2hpdHVuZyI6MH0:1kSx1c:tChl8okMKYE-ex2pQ_cUsmm42-G9wD-y0rpBd-dqvDQ', '2020-10-29 06:46:08.654985'),
('88vndwpmyj0qf2leo0c7ft408me25ozy', 'eyJpZF9sb29wIjozLCJkYXRhX2hpdHVuZyI6MH0:1kTGD0:ZaoD_SdOnJFkUJVpFg4PQWO6nJvRzy4dFoqzgVOPr3Y', '2020-10-30 03:15:10.269033'),
('892i8l5xyqgxtmivysxr7r8gayqypajo', 'eyJpZF9sb29wIjoxLCJkYXRhX2hpdHVuZyI6MTZ9:1kSztx:LUDJMyhZ4cwSqAayfsp4XMJhFKJxgSzpenMeRH4Z2uE', '2020-10-29 09:50:25.359036'),
('8c4o9olgrxhutziwy8qarwj09cxzeaci', 'eyJpZF9sb29wIjozLCJkYXRhX2hpdHVuZyI6MTEzfQ:1kLJ4e:liF6NZKW3eKDaNrJ542_7beVdsxBNNeNt7_hupyjMUo', '2020-10-08 04:41:40.908312'),
('8c5prqvv7dbdc50cf4qrcfwhe772w5d2', 'eyJpZF9sb29wIjoxLCJkYXRhX2hpdHVuZyI6Mjh9:1kT0uD:mbcCF0U7wPwulzdQI91tHT745kAfvc6eZXU-n7EcBiI', '2020-10-29 10:54:45.424639'),
('8gvxdm63z59hjvb53x665v5tnmp2q33r', 'eyJpZF9sb29wIjoyfQ:1kT0wZ:B3326KGldHAyzB8-fHm6WpeugfIy4b8ysp8vKgO6JEY', '2020-10-29 10:57:11.566099'),
('8j1m5nfpx3x3joinlik3cuk01r2r94xq', 'eyJpZF9sb29wIjozLCJkYXRhX2hpdHVuZyI6MTR9:1kLNRp:H229EFGp8k7R4XidHyyiFlOj8Jgzh9dUftndwicLHyg', '2020-10-08 09:21:53.283072'),
('8rrx9cv0u4dosnoyw83mermhzxogt4dg', 'eyJpZF9sb29wIjoxLCJkYXRhX2hpdHVuZyI6MzV9:1kTD5e:2h4tTl3UGYHWTz81yg2HEnmDRk6PUdnUpkqbkx2N2NA', '2020-10-29 23:55:22.924050'),
('8u1f9b6cx6e9ebzt79idhl7vbbf3vnqd', 'eyJpZF9sb29wIjozfQ:1kUlTN:Enl7ppsCCNdy9t8w0ovi6hooKNDx0y1RIG5maonTueE', '2020-11-03 06:50:17.974137'),
('8urliben0zq6k8cqkljq6zgh2bnb1ruz', 'eyJpZF9sb29wIjoxLCJkYXRhX2hpdHVuZyI6MX0:1kKDlT:h4A2A2wp5cYV5RirEAm7vEKFjF43Rp5u_wRvFQnLqDo', '2020-10-05 04:49:23.569571'),
('8vshnswwvbpk3z50w6oak88o5dgb4rvm', 'eyJpZF9sb29wIjoxLCJkYXRhX2hpdHVuZyI6MzV9:1kTD7R:-W_DFuTvU5VNL8cg6El6OPB72mUBwN8uvFesGzIXAiQ', '2020-10-29 23:57:13.113839'),
('8w93xwhww0xw7a0279lyt45xzr0m2wyk', 'eyJpZF9sb29wIjoyLCJkYXRhX2hpdHVuZyI6NjZ9:1kLJ5J:V8_cdney8DTeedOl-SL7upGd1-w7hWUTCRS9OgGZ6SY', '2020-10-08 04:42:21.403192'),
('8xxs3qg34oymh8dzgle1ykl00yq7lzjn', 'eyJpZF9sb29wIjoxLCJkYXRhX2hpdHVuZyI6MjV9:1kT0cT:sB_CJ9vmnkBMgxdK0zgybWSACuQ4_Ngzg_yD7-WN_hA', '2020-10-29 10:36:25.490748'),
('8zpdghd0mv5qa2geezwvwdhz2uva154a', 'eyJpZF9sb29wIjoxfQ:1kT0Sd:-HfSQLNe5p7ilOYLjGTWEnktBYUoMz8ybv9msJVrfkc', '2020-10-29 10:26:15.935568'),
('90txvfqkynocsyhhs26vhmqnmfqv9jej', 'eyJpZF9sb29wIjoxLCJkYXRhX2hpdHVuZyI6MjN9:1kL34I:8dQMfzyrtWycVI7ht0DZFwSIEbwjYZn4SKVRgamap88', '2020-10-07 11:36:14.590091'),
('93b8oec8x79czimnus126cc086nxi0ry', 'eyJpZF9sb29wIjoyLCJkYXRhX2hpdHVuZyI6MTd9:1kT0eZ:Nfl1Jl5kXQ__o-FY5scQoc326nTCUjnYNnUKtYLbm_I', '2020-10-29 10:38:35.140201'),
('93e7stwohj93nbg4afjj2qdl8tn668wm', 'eyJpZF9sb29wIjozLCJkYXRhX2hpdHVuZyI6MTZ9:1kSzVI:QjisQhrTAGhvGIeWdTreGXZ003ZoPrmPDqZyBZY2UJU', '2020-10-29 09:24:56.249566'),
('950qn2w51edclyziiyrsl3nedtpyib40', 'eyJpZF9sb29wIjozLCJkYXRhX2hpdHVuZyI6MTV9:1kKZqx:qv3_0Xmq66GCMALVf6fpssQOEbfNKRRvWtzMBpkO-Mg', '2020-10-06 04:24:31.792340'),
('96okuo0dxo4woy4jp805mzxobg05fn3f', 'eyJpZF9sb29wIjozLCJkYXRhX2hpdHVuZyI6MTd9:1kLNTN:VBpRUb4qbj2i47LXqc_48G5srqvs89I_lw2X-Cy-1lc', '2020-10-08 09:23:29.125575'),
('97hrao62qmpdr9o92iuxl6x944p79ik3', 'eyJpZF9sb29wIjozLCJkYXRhX2hpdHVuZyI6Mn0:1kKasd:O8wW-gWfUcrbOR0HKIxG4xZ--9Verr0bCxB-A9z5z8I', '2020-10-06 05:30:19.759081'),
('9au2kkro1e8ufu53z8v5z70umdmrnbb6', 'eyJpZF9sb29wIjoyfQ:1kUPkj:V6BMvenS2rVGrS7hqyCZecGDRU0L8xSUPc0qFN2lq6Q', '2020-11-02 07:38:45.981414'),
('9eq0dp9kfno9albwcd4bpt9qlxgv1fu0', 'eyJpZF9sb29wIjoyfQ:1kTGEV:9Fyj7cIQ0z7zSniwP4u827gl4nWf_9fOltH2W4YPGws', '2020-10-30 03:16:43.647912'),
('9f0g0pgm3ag4pkxw3k1eavvolvj4pgmr', 'eyJpZF9sb29wIjozLCJkYXRhX2hpdHVuZyI6MX0:1kKDoz:1Kf2LfHwUjJkszbspf3uYCRzGUFtuGbFhRD12anEutg', '2020-10-05 04:53:01.848583'),
('9f4sh72gnsdxh0axx29mog5lcs9y9m9v', 'eyJpZF9sb29wIjoyLCJkYXRhX2hpdHVuZyI6MH0:1kSxoo:ew978hHdhaMf99IdqzbFWog8MWLRwTM6VX-cx_pJmIg', '2020-10-29 07:36:58.860269'),
('9hcjpd7mmdvmm19ydp0a8dz0bn74x4cx', 'eyJpZF9sb29wIjozLCJkYXRhX2hpdHVuZyI6MTI1fQ:1kL0cq:T73NVZxwq-xYBol5-3yEZa_JkAg4RyzzFbIgS4UdED8', '2020-10-07 08:59:44.504044'),
('9hugaa2d90y3b3csj26tguh3rkch3m7i', 'eyJpZF9sb29wIjoyfQ:1kTGhM:cWuo1YG5mECIK_IdgeWxpSScmPdfTq27SFr4M86p5eo', '2020-10-30 03:46:32.583088'),
('9irn7ismrqs3rbnsifg8bsb7royutkvm', 'eyJpZF9sb29wIjoxfQ:1kUKyw:HE7os3hWAp6D4uSwquB8SFzJI3tbt0MiM0ExUcJ3ums', '2020-11-02 02:33:06.226946'),
('9l2p1a4f79et83h6ri79mmlnq2bpjme4', 'eyJpZF9sb29wIjozLCJkYXRhX2hpdHVuZyI6OTN9:1kL3nH:15h0izI18lh_YTO9I5Al_BFiAh6XmaWHMutBpquMN3o', '2020-10-07 12:22:43.282214'),
('9lep2rdpsjyuuxstbg8lc9eckqdq9zbg', 'eyJpZF9sb29wIjoyLCJkYXRhX2hpdHVuZyI6OH0:1kSv4U:aFNRr5bDRqEwZH3dNKVbD3MxdzPl2BDFM1CuIMUMiRU', '2020-10-29 04:40:58.772028'),
('9mhmtgj460ltdy1lju05d9an6zw0159b', 'eyJpZF9sb29wIjoxLCJkYXRhX2hpdHVuZyI6MzV9:1kTDmG:vGpODM57VDAToVgO1gaR5LqHeSrQbtFDaNwGJDBbnK0', '2020-10-30 00:39:24.423814'),
('9nzv8nns7vlq5yicmqv8f4je9fj5enj7', 'eyJpZF9sb29wIjoyfQ:1kTGCA:0GrOtmQF75Z7uC71Jr18GkV7h_YK8qUq-gLGbH5xrKs', '2020-10-30 03:14:18.511213'),
('9pu1tmxxod9ltt65ngjgmphs2e4aw2d7', 'eyJpZF9sb29wIjozLCJkYXRhX2hpdHVuZyI6MTJ9:1kLNCY:vhtdMsmf8hQQ9lJcDrXGmLahCxs9BFHe7bbIOefF9jc', '2020-10-08 09:06:06.583103'),
('9u5hev8a4wkybolcf27fgz81qtscxl0c', 'eyJpZF9sb29wIjoxLCJkYXRhX2hpdHVuZyI6MH0:1kLLiJ:crpbLQHvJjWtEcfUIDHZcPYVTIrTwEu5wX__xhnoDCs', '2020-10-08 07:30:47.802947'),
('9vnsnb6nzjukt0v4c13nth4vcurvxeop', 'eyJpZF9sb29wIjoxLCJkYXRhX2hpdHVuZyI6MH0:1kKDSZ:1W-xnEMgLrzE6F9n_4D9mW7Buobr9ro1gIrOFv6PPE4', '2020-10-05 04:29:51.122024'),
('9wws5t9yo5rm7lb10ijno6bb21flkzm0', 'eyJpZF9sb29wIjoxLCJkYXRhX2hpdHVuZyI6NjZ9:1kLLNt:5hrNbQUdlMllSrXTeENRLS4ftsNUZUqlpn6LvTZa5rI', '2020-10-08 07:09:41.543139'),
('9y9m71kq41d4ihkgtvirq58b057pw4gg', 'eyJpZF9sb29wIjoxfQ:1kT0je:jN31GDOmxTIyzEWqSoBSneS2U_v8JH1EzX6dELImdjc', '2020-10-29 10:43:50.388196'),
('9yalwvvwx7h78v3jnesrow0axl3voc6f', 'eyJpZF9sb29wIjoyLCJkYXRhX2hpdHVuZyI6MH0:1kKaEp:Bcchqcgh45ECkr2lghYbOJ-a6ETmXfbk8urbdiRt75I', '2020-10-06 04:49:11.493371'),
('a1d9gw4xf7fz81wa0qe36clgxovg2tv1', 'eyJpZF9sb29wIjozLCJkYXRhX2hpdHVuZyI6MTR9:1kLNQ2:scTTob130gXf6O172iUw1yHjU4OizucTwr9_7AOLGUY', '2020-10-08 09:20:02.433112'),
('a394rt66pdwktilehwem3ygwzmer1szp', 'eyJpZF9sb29wIjozLCJkYXRhX2hpdHVuZyI6NzR9:1kKyMp:NvDQTuV3xhbqdPK1PmfQyS4gKOboG0ZPTYoR8fNNWEI', '2020-10-07 06:35:03.820460'),
('a5idcxcszlg3i3fsgcrwsd8fuu37rva5', 'eyJpZF9sb29wIjoxLCJkYXRhX2hpdHVuZyI6MjV9:1kT0cd:fLXxF0yLjsCwd-mBNzdjuEyxTjHVU9HLV2GrFYsov3Y', '2020-10-29 10:36:35.112478'),
('a7aomaf6fj5xhfl3rqsnus7w9vqc7f1j', 'eyJpZF9sb29wIjoxfQ:1kT0TJ:SrlEuAHvlLcPY3ceT5axH5m7jktKcFmgHvlTECbvvmE', '2020-10-29 10:26:57.434295'),
('a7o9qq4szarlb2evisew4wp2klnhyln5', 'eyJpZF9sb29wIjoxfQ:1kUMyA:RI2AI-yUYfKM2WJRLWB0RZFQUhHYmP1kfVIRL8WyeRE', '2020-11-02 04:40:26.660628'),
('ag3gldk82croniiwzaspi1pblbm30o4c', 'eyJpZF9sb29wIjoxLCJkYXRhX2hpdHVuZyI6MX0:1kOB0i:qEPBvFf4q57V-XDSME2j1KqGKGcG9_I9LvKzv6Bwi0s', '2020-10-16 02:41:28.931721'),
('agq2lar9cd18qrsz4ouyb1euymn3ieol', 'eyJpZF9sb29wIjozLCJkYXRhX2hpdHVuZyI6MTF9:1kUjGk:aSqpeDTWNCWEta-myuEpWJ6Uf_iTGG_p4x_UYvotxeA', '2020-11-03 04:29:06.136267'),
('akpprr4l7430592glz4jqd9ixg7c73bw', 'eyJpZF9sb29wIjoyLCJkYXRhX2hpdHVuZyI6NDR9:1kKyY9:AAR_myWkbDhSHh5CwoCoj4lL3nwLAKPKGiNwszi53QA', '2020-10-07 06:46:45.710012'),
('alpe84c6re4x9hibt8cqd7fx6jxk59j8', 'eyJpZF9sb29wIjozLCJkYXRhX2hpdHVuZyI6MTd9:1kSzwx:InaWWXvoWvGBgPWUWoXEcZVcnMtaWIlkpllo4z9wT6w', '2020-10-29 09:53:31.119561'),
('apqnyaw1iha6ntxbg5u4al4ta2qm4qiz', 'eyJpZF9sb29wIjoyLCJkYXRhX2hpdHVuZyI6MH0:1kKZJ6:jmanGvENix_-CE2lqTvOcrW7bW-igZf81-dfSn0aqEs', '2020-10-06 03:49:32.037298'),
('aqot2oiojitf887gmdyawrt5johkb2tk', 'eyJpZF9sb29wIjoyLCJkYXRhX2hpdHVuZyI6NTh9:1kLH43:LQV2hNs8ZGUnFlljzzSH4jsEpDj9SOjesAuMuPy9gHk', '2020-10-08 02:32:55.600203'),
('ar0j4uczjqxetf8iilvww76qk7pdy2wm', 'eyJpZF9sb29wIjozLCJkYXRhX2hpdHVuZyI6MH0:1kTFHc:0vtoM2WO3cUMXD8nAa474EnqWzVsHO5Oph74a5PMgek', '2020-10-30 02:15:52.277975'),
('ara26z31bid12s2aw0nkagm01ninluei', 'eyJpZF9sb29wIjoyLCJkYXRhX2hpdHVuZyI6MTZ9:1kL3YU:ULRDzWZ9xSBcIbqDZYLTCXZjJR-PFIzf8pEq4ACA-KI', '2020-10-07 12:07:26.581956'),
('arax1r15bdojhrwn8zazzvr6yoix070o', 'eyJpZF9sb29wIjoyLCJkYXRhX2hpdHVuZyI6MjZ9:1kTCrW:G8LzHThqKidTd09EMiAwMXc7RbZCjFddfUGK9yNULTA', '2020-10-29 23:40:46.115980'),
('atdnskuwe4kshq4qukqopbj4uvo38ofz', 'eyJpZF9sb29wIjoyLCJkYXRhX2hpdHVuZyI6MTB9:1kLNPR:MtbBaeYG3SbBTCuXSg9CP7Sufwhn-VDkAiHanQhUkjM', '2020-10-08 09:19:25.262006'),
('av8zeqr55dw3yzutuj17apb0fdnp2n6j', 'eyJpZF9sb29wIjoxLCJkYXRhX2hpdHVuZyI6NjB9:1kKzNC:AmpYXuHe4Gi79_D8jzkR7B5ESqX_dgjw5IUotfJ9QZY', '2020-10-07 07:39:30.600086'),
('avvmezdwtofgr20ciafnetoyrtii73sx', 'eyJpZF9sb29wIjoxLCJkYXRhX2hpdHVuZyI6MTJ9:1kKGIG:aPmrTFvNDl1232X1Cev1nCZm61gY6MHL8MO4Zpgdugc', '2020-10-05 07:31:24.335617'),
('aw3gz0xks7rohucrib97pag5svek2l4r', 'eyJpZF9sb29wIjozLCJkYXRhX2hpdHVuZyI6MTJ9:1kV7Vl:WsPIUMjN7UZWQZP11FxPC6FGI1DESPh6Tms0N982bZc', '2020-11-04 06:22:13.512643'),
('axsv05x5sbnngef1n9ai1v513v9zpjhf', 'eyJpZF9sb29wIjoxLCJkYXRhX2hpdHVuZyI6MH0:1kLNTy:aUD1lUb36APrnnZpZjjPNEeZtYxgr-2QT6gklTXDvj0', '2020-10-08 09:24:06.741308'),
('ayzm9rxrz8i2ksx2kxnqs33danmvna9y', 'eyJpZF9sb29wIjoyLCJkYXRhX2hpdHVuZyI6MTZ9:1kT0db:hZg4rPH-4-PL15vpbzZwhiPVKhQ6kEKPEMNaOJX7uvA', '2020-10-29 10:37:35.907928'),
('b13wfnow0u7g7ihyqokmbrhjq5e0ywab', 'eyJpZF9sb29wIjoyLCJkYXRhX2hpdHVuZyI6Mn0:1kKuus:Cenets7mFN7hVqO21peMvs_FuiV0q-rfbRx3r7XS1JI', '2020-10-07 02:53:58.779162'),
('b1dp8rmg5zbgkkf8i1o42uadlzgl8saq', 'eyJpZF9sb29wIjoyLCJkYXRhX2hpdHVuZyI6MH0:1kSwTG:Tzg5u9LOF_gAyaPbfw6ig7-ET5MVhhr8Y4vM7UM-oWY', '2020-10-29 06:10:38.302227'),
('b20gp9k8s63hct6z4ce2wy0e5j166gbe', 'eyJpZF9sb29wIjozfQ:1kT0oP:oR5DBhxwe4hb7Btfh3zR6yFLIehqdrhy3IXqzirBPWU', '2020-10-29 10:48:45.172479'),
('b3flhibqkznzxhn1aqcegkbsgblhmale', 'eyJpZF9sb29wIjoyfQ:1kT0Hx:ZbuOUIPkSlxeKqwj6AmQc5cATH8_jqDu8KrA85jgzhs', '2020-10-29 10:15:13.948184'),
('b3wp8ft3ba472aoawxhe57nkx8kvgh0l', 'eyJpZF9sb29wIjoyLCJkYXRhX2hpdHVuZyI6NTh9:1kL0RE:N-KaBW6yJpqZI7-V73R-kRjANtUnPph3j3xrrgMh6I8', '2020-10-07 08:47:44.565017'),
('b4npktmkhjl8pp22fa4l7g47akd2gqmm', 'eyJpZF9sb29wIjoxLCJkYXRhX2hpdHVuZyI6MTR9:1kSzBz:gKxmxfn4jsb_nN_EDFMvoUzet9vqoiw6BK1Nnl44Y4E', '2020-10-29 09:04:59.314641'),
('b69zalqkpn9eabm63k2esvke8xwdggha', 'eyJpZF9sb29wIjozLCJkYXRhX2hpdHVuZyI6MTE4fQ:1kLJCp:M6y3bgmeA8CFjfwV6mhJY3bDu7XJKETruaCpK5vY_Xs', '2020-10-08 04:50:07.150409'),
('b6k0yd0foik3au4ykq3jc4mb9nebgto5', 'eyJpZF9sb29wIjozLCJkYXRhX2hpdHVuZyI6MH0:1kKDgA:QOl2fxRKdGgUg6_uzXZ7zcQ8wFcyc_ukt_pahrxeBAc', '2020-10-05 04:43:54.700105'),
('b8v4cxup9cponjh7zv132jc4cgy6m1h1', 'eyJpZF9sb29wIjoxLCJkYXRhX2hpdHVuZyI6MH0:1kSwQh:IpaaF6eL-Qge115HZnHakhNmL2Ut2FkFAkRLnIc2sfI', '2020-10-29 06:07:59.677863'),
('bac7mv0wnve2kf9cftdqgm0opuydvop2', 'eyJpZF9sb29wIjozLCJkYXRhX2hpdHVuZyI6OTN9:1kKymI:fcoF7w_ZF3ciUPft8Y8RwUovqHtZHG2HuqUaZ_OOgUA', '2020-10-07 07:01:22.253170'),
('bd3ywxeh2xpgab3utvxdosjol1mcflx3', 'eyJpZF9sb29wIjoxLCJkYXRhX2hpdHVuZyI6MTB9:1kSynK:EM-07biCxGV_7Qm3548N59EfJU0bOV_tlQ6sCdT5JSY', '2020-10-29 08:39:30.570496'),
('bfv4l0qekxlwova2s0ot5p5wn8ak9p4v', 'eyJpZF9sb29wIjozfQ:1kcMZG:wp1yEtZPCl0wK_2XvKb8hET9Clk2WnBGw3rM3lfDS_4', '2020-11-24 05:51:46.135043'),
('bfzekc27tz57l7kpccan493k3in91nub', 'eyJpZF9sb29wIjoxLCJkYXRhX2hpdHVuZyI6MTF9:1kSyp5:HzJWnlVeQh_31Pcupk0gtxJO0yQa674qAyyyunCGvg8', '2020-10-29 08:41:19.410436'),
('bipx80ws8nw1736kmhondlys5muybr4m', 'eyJpZF9sb29wIjoxLCJkYXRhX2hpdHVuZyI6MTZ9:1kKZxh:JZDH_uperU10JayXOUTxHYp_wtabvCVMQ6D0TnQQjHY', '2020-10-06 04:31:29.165496'),
('bjmi2i55itxkbc36q4htkxcmxxmore6d', 'eyJpZF9sb29wIjozLCJkYXRhX2hpdHVuZyI6M30:1kNpVT:UEWgeOlsjZLkk4SjrZXrSTyqth_LyERGtMS-cH_k0cM', '2020-10-15 03:43:47.644217'),
('bnf99v4x9wmuw897n2nqgawunzt6098d', 'eyJpZF9sb29wIjoyLCJkYXRhX2hpdHVuZyI6NDR9:1kKyZb:JD9QB19e2AX8612p-6lDA9z15W8DQiYTwHCBa1FtY-g', '2020-10-07 06:48:15.963637'),
('bof8ikvjgfg9r1ecu85c48nav972m7be', 'eyJpZF9sb29wIjoyLCJkYXRhX2hpdHVuZyI6OH0:1kSvWW:MBSgDBy3Ttkp3oSADvjPcRwRagPE-Gfh-eLswX4DCtg', '2020-10-29 05:09:56.823937'),
('buhyve3b4vi5o7di3qqoqu6u3ettnuc2', 'eyJpZF9sb29wIjoyLCJkYXRhX2hpdHVuZyI6N30:1kNqDe:TJPLMKcXRwxnlQwLI7vorsbIOrsyF3kqIvLKjt5Uyr8', '2020-10-15 04:29:26.407680'),
('buj0xbmujgaouy1guibwmc6vvlic0ez7', 'eyJpZF9sb29wIjoyfQ:1kT0eZ:61s2GWpCLIvIhLMkdCV2jcum4M2xfpm949MyEJsmfzM', '2020-10-29 10:38:35.061204'),
('bvpcawy86m16fuk4dpbrlsdbmskrkfiv', 'eyJpZF9sb29wIjozLCJkYXRhX2hpdHVuZyI6NTh9:1kKz1w:K2VwJAPvFdhTfD0wxexcjtNO1AiG1wBJ3O7N81b2Mok', '2020-10-07 07:17:32.436833'),
('bzblp9cdxaa0zsegaarbo8p0ns0xq7i0', 'eyJpZF9sb29wIjozLCJkYXRhX2hpdHVuZyI6MTR9:1kLNOZ:jy0R_bP-tJY559R2MfeV0P04zbsrwBzXsUFj6OWryKc', '2020-10-08 09:18:31.355166'),
('c14a6x53dbjo0p88gcxm02iaysqyru37', '.eJyrVspMic_Jzy9QsjLWgbENwZyUxJLE-IzMktK8dCUrQ7NaADhKDh0:1kSzpJ:9gXX4Qsu-qDbKly5o7HChqV1KCzBo0tWxwCKhHSnZ60', '2020-10-29 09:45:37.143930'),
('c2yguzm986hk195cf3wftb4y1i7n84pb', 'eyJpZF9sb29wIjoyfQ:1kT0pT:AJlNfZEgG3a41DLCyhsuuNAG-sUI3E-XfziRuUxoBv0', '2020-10-29 10:49:51.051616'),
('c4aczax39qmxfvxut1jvzu4lh8c2u2wf', 'eyJpZF9sb29wIjoyLCJkYXRhX2hpdHVuZyI6MTF9:1kL1DW:4ilMi-4j3GIybZ0pRqseWZM77ZHsVFlUm3M1aUTUIQQ', '2020-10-07 09:37:38.157734'),
('c4noed5i1wf78gl44ejwlhabg9xmtb38', 'eyJpZF9sb29wIjoyLCJkYXRhX2hpdHVuZyI6N30:1kLMCQ:vZM5-AQir1yAdTdhUaIcgUsrWOooRBgmvN6nZQc7YPE', '2020-10-08 08:01:54.784079'),
('c5qlrxr5tpveaxulqhpr8zsuwf1bfm2v', 'eyJpZF9sb29wIjoxLCJkYXRhX2hpdHVuZyI6Nzd9:1kL0iq:Wyidmq9Kr1mrgtVLYwpT09VDGU1L_MHjhu6RNn0U5h0', '2020-10-07 09:05:56.849299'),
('c7bu5lva3yh35y99phe2lvzeuta8r9jx', 'eyJ0ZXMiOiJ0ZXMifQ:1kKFGd:-2fJIDurUz8dK9NJ02ELOC-vwr5L-WmRBu4QDQgWrN0', '2020-10-05 06:25:39.556614'),
('caka8lhn4qhul9ryfhdpdaeo9xuh5rnt', 'eyJpZF9sb29wIjozLCJkYXRhX2hpdHVuZyI6MH0:1kKDgZ:7SVRTsjQeg194o3x5OHaHOI5x70rBWFgAFSEr8Q_WQo', '2020-10-05 04:44:19.601582'),
('cbn1rty5sy3vknv88xodsk12sljcjkwi', 'eyJpZF9sb29wIjoxfQ:1kTFlT:-52zZMGcV01MSNtNUiu6mZBsosd_xvkK_AWAPwkUayY', '2020-10-30 02:46:43.483909'),
('cbsks4c9354tksp95lm608qcbveetws6', 'eyJpZF9sb29wIjoyLCJkYXRhX2hpdHVuZyI6Mn0:1kMnY7:vwe_fjzsWUHFvTj2JhBddMeIfv1WhtoAS-TMA9I1Awo', '2020-10-12 07:26:15.352613'),
('ccey2n14amdx7enjuojj05cf1u46cwsi', 'eyJpZF9sb29wIjoyLCJkYXRhX2hpdHVuZyI6MjV9:1kTC9l:NyYymMDL1eu8LRajVt1mGZSqxeobjEHg4tipnt6xfUc', '2020-10-29 22:55:33.396895'),
('ccikk2n0v94w45yhv50yw5ivoq5oxy5f', 'eyJpZF9sb29wIjoyLCJkYXRhX2hpdHVuZyI6Mn0:1kN7aZ:lSAhfd6QOBKIPZ69GEDenQJMNz7CVvmImhxi5_U7xIA', '2020-10-13 04:50:07.133021'),
('ccnhvhwvdwpy1ecrsby3qpnmukcyc1oe', 'eyJpZF9sb29wIjoyLCJkYXRhX2hpdHVuZyI6NX0:1kTJuk:vnFZcrGKLLE4TjUoFfIKx74-vaeXlsnMC661EGp1Tx0', '2020-10-30 07:12:34.880775'),
('ccv941jj763yjponxl2al3pcmfo680if', 'eyJpZF9sb29wIjoxLCJkYXRhX2hpdHVuZyI6NTV9:1kLJDJ:66JaYaa2sGoD4XhynvREb2Odj7EzotCE3CyPXaVRec4', '2020-10-08 04:50:37.659162'),
('cdjarp4mz8c5ma82f4anx9szx4sdwnkl', 'eyJpZF9sb29wIjozLCJkYXRhX2hpdHVuZyI6Njl9:1kL3J1:U7f37M2icQrjF4ZuXatGRCMVelX4OqfPOgy537GS8cE', '2020-10-07 11:51:27.756215'),
('cegafd8goly1l9tnywprmtw2s70kcvht', 'eyJpZF9sb29wIjoyLCJkYXRhX2hpdHVuZyI6Njd9:1kLJVv:NBOurTixmC0sUxVrtRpTVsPLpH25itsEE5uOH4dWRyA', '2020-10-08 05:09:51.497105'),
('cgo4r5g7111hzpf3ui7bnwod9rnfqdme', 'eyJpZF9sb29wIjoxfQ:1kUjBp:TUER8ShobucIAk1eN5mPwosjlXpdj5VrEhDZLP63wqM', '2020-11-03 04:24:01.458003'),
('clx5t388q5u4chf9ymlnk9et6g57nh3l', 'eyJpZF9sb29wIjoxLCJkYXRhX2hpdHVuZyI6Nn0:1kOGPP:wVuMlGPvaq_ccqeADxE6hljhMeggabiZsRe4V7N-daY', '2020-10-16 08:27:19.281300'),
('cm8zliaoo3y0nvf1ptsys627bmrr51yr', 'eyJpZF9sb29wIjozLCJkYXRhX2hpdHVuZyI6MH0:1kTFdu:K89ZwlnV4NFBaKCK-MfwUUqCYVvJF9RXxqU-JmTySmw', '2020-10-30 02:38:54.287160'),
('cmfaen3eicijsmsi5rh27j2a649wo02q', 'eyJpZF9sb29wIjozLCJkYXRhX2hpdHVuZyI6MH0:1kTG5m:rUNG9b10ZxbWZLFtS-E3sbtkaHEFM59jNSDgtxj-NwQ', '2020-10-30 03:07:42.974327'),
('cmr0dzuwxstqgnpixfofojte5rvnh1ey', 'eyJpZF9sb29wIjoyLCJkYXRhX2hpdHVuZyI6MTN9:1kNrYJ:Jyxqsv6bDU4bC9DByHyZWx6QvQ4dViPCNILm7BZBDCw', '2020-10-15 05:54:51.102112'),
('cocxut2edn3lv9njx3pnd7js4uui5eov', 'eyJpZF9sb29wIjoyLCJkYXRhX2hpdHVuZyI6NX0:1kLLqB:DEBExTzo5g-Tq4a3z1kof2fACdAVqlhL4oN6tyrNSl0', '2020-10-08 07:38:55.405363'),
('cpk2ngwubsgj5vu9h2sednattywh2tru', 'eyJpZF9sb29wIjozLCJkYXRhX2hpdHVuZyI6NDR9:1kKygH:5hB7vuSzPXgk8-gJ57cqnioWa60ppUEkVR3JLYv8cCE', '2020-10-07 06:55:09.906773'),
('cpspyr3dk4eon6wj3dswunn6r9pwl95i', 'eyJpZF9sb29wIjoxLCJkYXRhX2hpdHVuZyI6NzN9:1kL0N1:yZm8iSeGQEkN56O4mxBVJjMFfZ1YtFbIBtaErHEcyQk', '2020-10-07 08:43:23.588915'),
('cq2yp6fsthd8azytk1y7t9r4j1emyn5e', 'eyJpZF9sb29wIjoyfQ:1kTCiB:tAxFZ29NHmKUN47LONeOVrdQdtExFeyIg_MlUOY0Fq0', '2020-10-29 23:31:07.566305'),
('cthb0f2fknsbsddsmkkux7wgaxsw6co6', 'eyJpZF9sb29wIjoyfQ:1kTFJJ:C-286PQTMAm-UTzMjNBHr5v17YFfRaC_0F8w7bkW0VM', '2020-10-30 02:17:37.298657'),
('cv0adr4r7xcark5eake5fef8el1tz2ms', 'eyJpZF9sb29wIjozLCJkYXRhX2hpdHVuZyI6MzJ9:1kTCrB:eO5ZYFxgOo2tZxMuzkcnXCIZb8CNpnZKPyI9QGz-O10', '2020-10-29 23:40:25.288262'),
('cxlfgg8hm80lfdedht2v0yvi7bchpc75', 'eyJpZF9sb29wIjoyLCJkYXRhX2hpdHVuZyI6M30:1kOB3C:kHyF3XiA2kbduFfTT3N1EY7tX03ywmC18HlLAbqp_3c', '2020-10-16 02:44:02.340328'),
('cyzjabkz26fi4w56kgw52b3l77g6mpn6', 'eyJpZF9sb29wIjozfQ:1kTCrB:-c4coteQRh1-vOEK7NW1Tm81IDP_WKa70oKvYOz5qOA', '2020-10-29 23:40:25.536268'),
('cz2kucn4jzfgjypha7boqnr8ju7mc3cd', 'eyJpZF9sb29wIjoxLCJkYXRhX2hpdHVuZyI6NH0:1kSyNg:XlpZ0sMSfRITBb_fZEtQvU7WW2Xna4j8ugaLfYDefU8', '2020-10-29 08:13:00.669160'),
('d00e51srvmazrg0osklkig1ak2dooix7', 'eyJpZF9sb29wIjozfQ:1kUPJE:PcCtghosVoMhzysvnbVq8v0ihzLig4YV9yU5NBzeymI', '2020-11-02 07:10:20.946705'),
('d13i9kdhipt3ttoykngwx1aour8jmggx', 'eyJpZF9sb29wIjoyfQ:1kT0EE:rPXl7R1P-CjSdQWZb7peiEs-Szwi25rHXy47jUu6c9o', '2020-10-29 10:11:22.846991'),
('d3k20upz4u2l4xmulasjbe0y1p901oxr', 'eyJpZF9sb29wIjozLCJkYXRhX2hpdHVuZyI6Mjd9:1kT12T:_cRZ1w7rG8cigQl-g0u2X7L-Rqh4ku42t6vaBUMBjbQ', '2020-10-29 11:03:17.288103'),
('d6sh0wj7ybv682ct7ellwhuwot3hw491', 'eyJpZF9sb29wIjoyLCJkYXRhX2hpdHVuZyI6Nn0:1kNqAt:_sYC4H8w4bAcsmMIvhA0GgkHebq2mQz-YjkNt0xA1VU', '2020-10-15 04:26:35.982079'),
('dbheki8feuflxu0khy93gmql8zhd8jsp', 'eyJpZF9sb29wIjozLCJkYXRhX2hpdHVuZyI6MTV9:1kLNSd:7mjFYLA2MVUE9cB5VE8uibCVMEhr6rl3EzQFRmQGq5A', '2020-10-08 09:22:43.514345'),
('dfkz84f3ko57cz77etmyuyycfzbzx8zl', 'eyJpZF9sb29wIjoxfQ:1kSztx:S6vFa8Fd_SEaa3Q3xbRJWUQ1VgcIxtsDA0UWYt9kZ8w', '2020-10-29 09:50:25.421042'),
('dgw76xbnq4f1kqqogs3h2y45srv3j3mz', 'eyJpZF9sb29wIjoiMS5tcDQiLCJkYXRhX2hpdHVuZyI6MH0:1kN7T3:v2k3LZPfywtKImUQM3aBCAn1IwxEaeHcUCEiRLcyYS8', '2020-10-13 04:42:21.901464'),
('dhd7h8qja9jfvfzixdovgpkbkpf2lltl', 'eyJpZF9sb29wIjoyfQ:1kJxyG:rVPTrAy3hNQ0FKKHRZWVyKAmWqIwYj3A8MMovbF0z1I', '2020-10-04 11:57:32.721217'),
('dl1p9noiek3owyzovxs6ts85foim9wys', 'eyJpZF9sb29wIjoxLCJkYXRhX2hpdHVuZyI6OH0:1kSv0n:-dAalMiJxeYBZyUO_7um9lQDglvZ5CHqtrVC_z5DQpw', '2020-10-29 04:37:09.388577'),
('dll5r5e2t6kb7encd6vr9ss9ouzcfybu', 'eyJpZF9sb29wIjozLCJkYXRhX2hpdHVuZyI6N30:1kSuRZ:K5pKOEj6of_X8tBdmuknfiWiOk8F47i9XGYqvJzQ1YI', '2020-10-29 04:00:45.006158'),
('dngtnt59o7m8oicw1bpx1vrqfjfivdeb', 'eyJpZF9sb29wIjoxLCJkYXRhX2hpdHVuZyI6NTR9:1kLGwm:ltKJBho69B5PwyAVza8m-ZObDjAaJXYckB9G0bsImoI', '2020-10-08 02:25:24.781506'),
('dp5ken7ln80xir8k60wc17pvejblywln', 'eyJpZF9sb29wIjoyLCJkYXRhX2hpdHVuZyI6MH0:1kLMup:FdJ0UA-5OQtaN1NDf4gZQa8QpR7bMEW_-if24Sd8UnE', '2020-10-08 08:47:47.059270'),
('dpff3xkmig8e3awwh7wf0lfhtgpq7w33', 'eyJpZF9sb29wIjoyLCJkYXRhX2hpdHVuZyI6Mn0:1kKE5l:9BJ2ZZBoXv6GgX6Wl7hNgbLRrvC7TxB3Z3BNMQ66qE8', '2020-10-05 05:10:21.011940'),
('dphjz1mdc4vag3adg189hy88ap20v6kc', 'eyJpZF9sb29wIjozLCJkYXRhX2hpdHVuZyI6MH0:1kSxi0:g-Uqe--XqFdfVVGecKPYWecjauQ427OpowPWS0SqeV8', '2020-10-29 07:29:56.550424'),
('dpwwzk8f0bb6rs7jbv27x3zz7t7k0qvg', 'eyJpZF9sb29wIjozLCJkYXRhX2hpdHVuZyI6MzF9:1kT1S7:4Bqff1AFTOzlCdxRwyfkqIko8o8LNh1oSMpImpx4Q1o', '2020-10-29 11:29:47.861013'),
('dr25d6l5al80b9z1juvccyk9tlhw91tx', 'eyJpZF9sb29wIjozLCJkYXRhX2hpdHVuZyI6N30:1kNppw:PDAShprit-QVAsWyeL2Y6xo0-7z-X0jlEstLFRnG72w', '2020-10-15 04:04:56.623003'),
('dr94wv0tlvz0k8r3022by4bhn0rjer3s', 'eyJpZF9sb29wIjoxfQ:1kT1HH:_JJIi-_HBtKz3UxAVSWUFQgsmppaT8aWOvYahTDyWFY', '2020-10-29 11:18:35.697736'),
('du1bz24etvxtss09ekpbyg06bdze3g3j', 'eyJpZF9sb29wIjoyLCJkYXRhX2hpdHVuZyI6MjR9:1kL3Zk:o1ukky6q6QQfenlMr-6SLSdbyV3XXQMJf0cNXZa8V6Y', '2020-10-07 12:08:44.227422'),
('dvy2fx60iyqzc1wjwu17av3fb536dw0b', '.eJyrVspMic_Jzy9QsjLUgbENwZyUxJLE-IzMktK8dCDfrBYAN-QOGQ:1kSzok:szR8DIn-TC4oHe7pVOtH_384TK22DdMTaWgi6zqxGi8', '2020-10-29 09:45:02.249743'),
('dw60bbtsbtc9dn5xin2pjs7gssejjqx8', 'eyJpZF9sb29wIjozLCJkYXRhX2hpdHVuZyI6MTF9:1kKGB8:WKmJmxexkkralY5dzpFNDcmQY_iBIr-cQ7swkGTX1h8', '2020-10-05 07:24:02.558522'),
('dx1fke3qxsw2pr4xxaqqj5ouzsz1vpdu', 'eyJpZF9sb29wIjoxLCJkYXRhX2hpdHVuZyI6MH0:1kN7Qz:rRyHQ6eXX3iOosUP5QMhEAJ2rTvetN9PPz2RyeDydGk', '2020-10-13 04:40:13.351092'),
('dxki6j2i0ub09t5q6owfbvejwcbkmv72', 'eyJpZF9sb29wIjozLCJkYXRhX2hpdHVuZyI6MH0:1kSwIO:BFf-Fsgr4ukTwtErAdBzmfLUaUHKacgaOZztAu_FQ_4', '2020-10-29 05:59:24.052157'),
('dy588xr3nipin2jqbh8kfi7ylydc77rr', 'eyJpZF9sb29wIjoxLCJkYXRhX2hpdHVuZyI6MH0:1kU3eD:CYf8u6ZZrArloJM1X6kEdrcX1YrI6cFQfSFH3rUyaNY', '2020-11-01 08:02:33.684873'),
('e1t8g1r89q5i1u9titezvtlq8fbq9irb', 'eyJpZF9sb29wIjoyfQ:1kUPqE:c9lRlaGYPhp79rseSc2yk3wZnb5qUGrjwYKeQiv6-MU', '2020-11-02 07:44:26.969692'),
('e4o2vuqq5ailscginepqwj8pmahg8ryb', 'eyJpZF9sb29wIjoyLCJkYXRhX2hpdHVuZyI6MTJ9:1kNqiv:3QY6sX8Y7z--DSr_GVzCpnpS9Y5bZW9O6eAbdtkDrLw', '2020-10-15 05:01:45.344179'),
('e5uws5yd3ppxg2go4px1n8axluvl0ycu', 'eyJpZF9sb29wIjozLCJkYXRhX2hpdHVuZyI6NDV9:1kKzEM:7o17ALNLGmL6DfphZGPoeLAiM_VSoCkAofa2qtp9Das', '2020-10-07 07:30:22.594878'),
('e898pr2az3zacops1bnhvvt10n84vjsn', 'eyJpZF9sb29wIjoyLCJkYXRhX2hpdHVuZyI6N30:1kSuI9:MjMphGJn6N172lPG37bMwD3ZWeOiSD-cH0bO85SHF8o', '2020-10-29 03:51:01.513580'),
('e9ylyden905rl09814e2mus4cgieevr6', 'eyJpZF9sb29wIjoyLCJkYXRhX2hpdHVuZyI6MjZ9:1kTCiB:vQ2zwFBhDUU_E1QlGT5tbFfbIoAfxIwGge6GDVHtznI', '2020-10-29 23:31:07.773145'),
('ebb965srzhnqt2mqcoj29pj8rih6bomr', 'eyJpZF9sb29wIjozLCJkYXRhX2hpdHVuZyI6MH0:1kTFkw:6zgepgxbtj1CAluBrzW8yXbdDibXQrqcga25yHE0xj4', '2020-10-30 02:46:10.170309'),
('ebfcbyyxxfaulc850eyco4qhx1r6v9p1', 'eyJpZF9sb29wIjoxLCJkYXRhX2hpdHVuZyI6N30:1kRpIH:O-Q5x5dwPb_kONydr_B72hMuRAtY-Ne5qQti9Tt-nMk', '2020-10-26 04:18:41.456809'),
('ec69cdchl1gz16a7qlxyyvwjvmwq6rzn', 'eyJpZF9sb29wIjozLCJkYXRhX2hpdHVuZyI6MH0:1kUP0n:9FfQczDofgOco6ZVqW4VnBXkMv29BMtCMZRM2KzYNAw', '2020-11-02 06:51:17.980660'),
('ecac6bwafq8jce7k1wgjam1qvkyel58p', 'eyJpZF9sb29wIjozfQ:1kTJSg:0v0k1s4AO5wQ4enELqh_HARLIdy4JdtWp7iOfy6r3BE', '2020-10-30 06:43:34.060853'),
('ee2xfr7nwtf4xqlff1jxr058p47q4oiv', 'eyJpZF9sb29wIjoyLCJkYXRhX2hpdHVuZyI6N30:1kSuJm:RZruAWzkg-2OcWCV9Dkuo9W1Un1hmaCXb1fZWWX_Zk0', '2020-10-29 03:52:42.775583'),
('eenth7hiuwbsliu7gjanzponkcusrf2w', 'eyJpZF9sb29wIjoyLCJkYXRhX2hpdHVuZyI6MzJ9:1kL3tF:rPU0R569dWoTXTZdI-uf3UFT_HW-k7I6Zzx27iQUUDY', '2020-10-07 12:28:53.297880'),
('efztco3yhkcebdgl5454145r828fykt2', 'eyJpZF9sb29wIjoyLCJkYXRhX2hpdHVuZyI6MjR9:1kT14f:NEjH-feA2jlO0KwqSKLhT0gple7VAHJ2n-6TeAdylYg', '2020-10-29 11:05:33.068610'),
('ei7qyt0j22j82tsqhko98kwdfi6hihzu', 'eyJpZF9sb29wIjoyLCJkYXRhX2hpdHVuZyI6MH0:1kLNda:rp-B8bXpXDjzOguwIaQ5lN2doFrmY1AsRgPaqKDiq3M', '2020-10-08 09:34:02.675787'),
('ek1wf83uox6vz6xvvna62c466it5w8ov', 'eyJpZF9sb29wIjoyfQ:1kSzsB:DUVumjd47eqPRYdsaYEDQDgbNSjExFxKSN0lkzsiAzg', '2020-10-29 09:48:35.681987'),
('eo1ozesug351xdv5he09370c6jkt5fii', 'eyJpZF9sb29wIjoxLCJkYXRhX2hpdHVuZyI6MX0:1kUPTd:zbAx5I23fngKxpkIKyIJpSd2mqPmrOnHRO3HQWikn8A', '2020-11-02 07:21:05.153463'),
('er2olehc01bkhf0z1nclwcqsd8ozunms', 'eyJpZF9sb29wIjozfQ:1kTFdt:tzDXGkfi2Lx8r1vTC00_osVjZ1do8gbQMGOKj9z_yRg', '2020-10-30 02:38:53.489981'),
('es2adl6vl7k5wi2ejyo7khr7h1depfdm', 'eyJpZF9sb29wIjozLCJkYXRhX2hpdHVuZyI6OH0:1kNrZa:FB3bzEGV8-uTV-pa8sUUKX9XG4AQTSvKcgZi83TxzXQ', '2020-10-15 05:56:10.172350'),
('euvyqz9yxr9dsn1jxca578g98osusyxt', 'eyJpZF9sb29wIjozfQ:1kT1S7:p_nmknlGet_28jh3yqq21-33bU_mCenLecBnrAn0wcY', '2020-10-29 11:29:47.653017'),
('ex3e0534t4353xa6yckoyi8twxo8bmfv', 'eyJpZF9sb29wIjoyLCJkYXRhX2hpdHVuZyI6NTF9:1kLDSl:fEpuISYa2VFF_tGX5E9G2ddjjP-xBzlA31v4-UOpINY', '2020-10-07 22:42:11.943139'),
('f2m43mh8iaymcs31pw64dtl3nl07t66j', 'eyJpZF9sb29wIjozfQ:1kUilE:mQ_Bzbb6A3qx6icVoMHYb6F2KIqBQY-eOhm-bskSOYE', '2020-11-03 03:56:32.601400'),
('f3mnjaw7fs4yj2da65i90qz5i5swof56', 'eyJpZF9sb29wIjoxLCJkYXRhX2hpdHVuZyI6OX0:1kSylO:J3B3OUtDDnrSW3fGAJtsxU4rnQHB9wvIGwXYqy3_s8w', '2020-10-29 08:37:30.296724'),
('f7snw5qovv0hf4yz1jxq8btqt8n42rkx', 'eyJpZF9sb29wIjozfQ:1kSzxX:mA0QzFIhAxM09icC_cRXKhrxSY7uU66lB8IeHxes1Is', '2020-10-29 09:54:07.418883'),
('f9s2zpdxck563tm9bmk9iiqpfcoljdnm', 'eyJpZF9sb29wIjozLCJkYXRhX2hpdHVuZyI6MTZ9:1kKGsi:4mObxLJQqJtgl3ctwd5eyj6jHNeZMqCyLPJ86VRPvng', '2020-10-05 08:09:04.032549'),
('f9teradbps4hkbk9u32seqpi073e6yd0', 'eyJpZF9sb29wIjoxLCJkYXRhX2hpdHVuZyI6MTB9:1kV7Z1:V7G5DU_zQu1au2JvtysHY5tIEtsw0cYfqSxkgxALUrw', '2020-11-04 06:25:35.440650'),
('faqc8tc5pajxn9dmetv2zit9yms5up9n', 'eyJpZF9sb29wIjozLCJkYXRhX2hpdHVuZyI6OTB9:1kKya2:c0TNJ6MWigwqiQEbWqoYm9cPPD7dzcVVH3FeZXLjYnQ', '2020-10-07 06:48:42.497169'),
('fcqvs5oll056vwvrchuekm565rbwc95b', 'eyJpZF9sb29wIjoyLCJkYXRhX2hpdHVuZyI6NH0:1kLLgF:AWKtryWt-22mYQNWVi4wriLgNL6d0KV1Vh8QKPfUSZQ', '2020-10-08 07:28:39.062779'),
('fe1lzj0atwqc3zmnnyfmii1tmywyzxdf', 'eyJpZF9sb29wIjoyfQ:1kT0dc:1bwh2X552n7Wb0n5MTPzRFfISMc30ziJEEvW0FQtAMk', '2020-10-29 10:37:36.005920'),
('fg8vi9j6g467deupcaqody3jn4tgdgux', 'eyJpZF9sb29wIjoxLCJkYXRhX2hpdHVuZyI6M30:1kLLsx:ARbA1fkyinewEo5l0SJbo00O515fByR61D9pjiwHkRE', '2020-10-08 07:41:47.859252'),
('figl0wplu7ei0bfbm1z6deneu1na3z7t', 'eyJpZF9sb29wIjoyfQ:1kTGVS:KT_DsF0F9mr46vVtJfGJZbtezJFMrkN2deXPWvD6LEU', '2020-10-30 03:34:14.996488'),
('fiwkbn2cchm2x6w44ntvp1tsuv15fqyx', 'eyJpZF9sb29wIjozfQ:1kTFkv:E9X_HZWlM4ZMjimpQZQiANWtvQEOSVLq5WogEeuWZo8', '2020-10-30 02:46:09.987458'),
('fkqhrgcboekbx6l2iim84smvpvtg10t8', 'eyJpZF9sb29wIjozLCJkYXRhX2hpdHVuZyI6MTIwfQ:1kLL6J:qol8ei597hwvGzJp1BaQX7cqQcUXlLLNSIyYwjXwU3E', '2020-10-08 06:51:31.700985'),
('fofmt17yrmpbpl8wf641yvup7pkas9pw', 'eyJpZF9sb29wIjozfQ:1kT0pn:q3SbBVE8Toy4d_lEcPaobJVSOGDv7zUKNAkUGjJ7k5w', '2020-10-29 10:50:11.192003'),
('fq2i3b9p0l88eq2jm266h2jjnrzhpqe3', 'eyJpZF9sb29wIjozLCJkYXRhX2hpdHVuZyI6MjF9:1kKHjY:5K-Vsi9pajRtuGKJehDhEfmjUtBo_yae1zM2fKwMXCM', '2020-10-05 09:03:40.945163'),
('fqnv5z6fqkxsx9qmmma1klf1d69lu0cj', 'eyJpZF9sb29wIjoxfQ:1kTDmG:drdhCWIQ-UVn2o-OlIoKDoO-crb4w2YLKl57wlLmOus', '2020-10-30 00:39:24.308818'),
('fvtjmscsnba3dc5n0hybxt8hilg41po0', 'eyJpZF9sb29wIjoxfQ:1kT0uD:syJ6jgP5OvzQhrNsARZI2ULfOYuBtr5WJa4eJTqr7lc', '2020-10-29 10:54:45.348639'),
('g1l4gdemxallfml72drwvm2a9fffa5d3', 'eyJpZF9sb29wIjoyLCJkYXRhX2hpdHVuZyI6OH0:1kUPxO:gwxu3j0Vm1jj9-64aOsiDrDZW9rkqu8dufqvBEAhVPg', '2020-11-02 07:51:50.727349'),
('g3fwr62t0wjaxjffmlo5vj5ndarpzl93', 'eyJpZF9sb29wIjoyLCJkYXRhX2hpdHVuZyI6MX0:1kKZJa:WLDWAK8cTEIfu3K_3YaYYw--oBD3HtfUnSp3-kfbezM', '2020-10-06 03:50:02.431415'),
('g7u745zm043a42icbb89oqq55yrpeq6t', 'eyJpZF9sb29wIjoyLCJkYXRhX2hpdHVuZyI6MX0:1kTGjc:ZMVSC9iyLOUYehi6JholSFi2eEz7v9W27he_3I5atHM', '2020-10-30 03:48:52.935183'),
('g8dtnvezcafikfr9vaqqygjv8dbbmgy1', 'eyJpZF9sb29wIjozLCJkYXRhX2hpdHVuZyI6NzJ9:1kKyM4:7pmfVt125bCegJB50cqWrs0X-UbWiENFx53mJYq2eTY', '2020-10-07 06:34:16.467653'),
('geqlkojtha5l8hvmffbq5fyn6i5jikrc', 'eyJpZF9sb29wIjoyLCJkYXRhX2hpdHVuZyI6N30:1kU3Or:UGaeaL4SLJVG6-0oal5AHPb_0f6fEES_wN1XG96uMX8', '2020-11-01 07:46:41.785084'),
('gl5qxi1695za8z2nainhqjahlxathej3', 'eyJpZF9sb29wIjoyLCJkYXRhX2hpdHVuZyI6MjZ9:1kTCsg:HaPmviXc9u-oFWMQTXt_nx3JAW6SC51G2ux6xw0JsG0', '2020-10-29 23:41:58.088836'),
('glq1o2at267yk2elvpnpom8wmk3uk3ax', 'eyJpZF9sb29wIjoxLCJkYXRhX2hpdHVuZyI6Nn0:1kSyZG:AO3MdeLGCCq2AVNV8I8kCYfDVTm4uzu4LBZ2HsJjvik', '2020-10-29 08:24:58.072093'),
('go621j3muwdu1jwobasipwt4spv7ls3l', 'eyJpZF9sb29wIjoyLCJkYXRhX2hpdHVuZyI6NDR9:1kKyll:xd9QnG5mB9US5BR75EW378MlXNoEaOzc3cXIxxIoAYg', '2020-10-07 07:00:49.752072');
INSERT INTO `django_session` (`session_key`, `session_data`, `expire_date`) VALUES
('gobvgculm4gomghzi998qc4col1kmhi0', 'eyJpZF9sb29wIjozLCJkYXRhX2hpdHVuZyI6Njl9:1kL39b:1g289ze9Br9LmGXMmTSLwFBvSFX5kfc3keJXGM87D-c', '2020-10-07 11:41:43.852024'),
('gpt5xcqkigxfdcplqyrmcl1hjwkd9wps', 'eyJpZF9sb29wIjoyLCJkYXRhX2hpdHVuZyI6MjF9:1kT0pT:LkiqvtZZHPDYbbXwx3M3_9wnvcOvzY1H_0CqO1AFl34', '2020-10-29 10:49:51.005616'),
('gtpphve8zthbnpfskaigc0zd2677wxa9', 'eyJpZF9sb29wIjozLCJkYXRhX2hpdHVuZyI6MTJ9:1kKdHE:fK_wP6yrjiMEhya0axqMP-kCPrM1xf2RMbx5SuJ3vCs', '2020-10-06 08:03:52.333442'),
('gv4jn6vnqye5f45g4zovyzqauxpc956y', 'eyJpZF9sb29wIjoxLCJkYXRhX2hpdHVuZyI6MTB9:1kKGET:XMVB6r2cFY-I9u3Al7P0sLdvsvc-3IOLm9s6lL3ZNnQ', '2020-10-05 07:27:29.001479'),
('gxudi3fpsyc9sxc6vuoc1sfvvrxsgi44', 'eyJpZF9sb29wIjoyLCJkYXRhX2hpdHVuZyI6MTJ9:1kKGHe:uBzIWgZdcmGuDpk3TDQq-xaPcax9Vv5HTIyDtD2h7_o', '2020-10-05 07:30:46.180666'),
('gz2rhfoxy2qcy1w4mh32i0mk2lvhcs8x', 'eyJpZF9sb29wIjozLCJkYXRhX2hpdHVuZyI6Nn0:1kLM0d:KoSN3l-BKYECD2cgS_urrmHodC6v2eo7r1zZWEAzBb0', '2020-10-08 07:49:43.495283'),
('h5hu7mjs2wymv9ghj6nlvrnp0rbxl9s7', 'eyJpZF9sb29wIjozLCJkYXRhX2hpdHVuZyI6OTB9:1kL3fi:HfAPMKtS63wDZrIGFMEptse7StBA2mtpr7HSeK5FbpU', '2020-10-07 12:14:54.136407'),
('h5lf0s9gb284r5g7ab89y6kau4gv7es6', 'eyJpZF9sb29wIjoyLCJkYXRhX2hpdHVuZyI6Mn0:1kTFvt:KYGIMqwLc3UoVBuoxip7dDgtCo-PS2kwlc6n-cqL944', '2020-10-30 02:57:29.446401'),
('h89fbvuedm2c1k3qmsbe21114rcfzrz9', 'eyJpZF9sb29wIjozLCJkYXRhX2hpdHVuZyI6M30:1kSxyl:RaQ-i4MLPlu0-cSGSTQU48hxvw05LIPsxc0Kb4zr5-I', '2020-10-29 07:47:15.226561'),
('h9ff5qrz9limshm5d1t13sdgf0f07z6w', 'eyJpZF9sb29wIjoxLCJkYXRhX2hpdHVuZyI6NTd9:1kLJai:h76_YO0LAT8jYdtRebvXqsdS5bKaitFo78fHN7L2hIo', '2020-10-08 05:14:48.762954'),
('h9ksexl9m95ex49ba9c0c4wgfrgnglf1', 'eyJpZF9sb29wIjoyLCJkYXRhX2hpdHVuZyI6N30:1kSvdZ:1_efPKsjGsmErR2BhwRdps7o5VxKI2pL67eIHbQWLj0', '2020-10-29 05:17:13.091977'),
('ha6o6igu9k7ilb137ppr83vp9fdlcydd', 'eyJpZF9sb29wIjozLCJkYXRhX2hpdHVuZyI6MjV9:1kT0oP:DQJ_nRVcACgEwzsjBX9ybZjWCh4CWkQHe-zTKY8aEVg', '2020-10-29 10:48:45.274487'),
('hb5d3ovgdlbvj91bgvr8llt71s5nbzji', 'eyJpZF9sb29wIjozLCJkYXRhX2hpdHVuZyI6Nn0:1kUPyp:atXxZt_3gHKCGkQWQzfK8Z8iTRdb9NQR2cEXGf0LiBw', '2020-11-02 07:53:19.759385'),
('hby8x89ajx2vxafi3t834prbg6pacdui', 'eyJpZF9sb29wIjoxLCJkYXRhX2hpdHVuZyI6NTh9:1kLJbr:CVs9N_2kEXvBJ6b0z8RLHygRQMt93mNMda7z3h9Un3I', '2020-10-08 05:15:59.980445'),
('hc6jwc9i8r5xxm1p7tjcw5dbubtbx7cf', '.eJyrVspMic_Jzy9QsjLUgbENwZyUxJLE-IzMktK8dCDfrBYAN-QOGQ:1kSzn5:A2hBC48AvJM3VUJ8N8JNajzUwGG1NMOgeeEKHmMUoKU', '2020-10-29 09:43:19.956591'),
('hcjgrbzn31zuvp69xwrad69u8gwcgb6v', 'eyJpZF9sb29wIjozLCJkYXRhX2hpdHVuZyI6MH0:1kTFJS:XneXWG6o3lCDMnHO6TXqV59ZxHwS89kF4j67CkvCWJ0', '2020-10-30 02:17:46.672118'),
('hdw9196g1lcmhsugsmzs2of9lmjh42bu', 'eyJpZF9sb29wIjoyLCJkYXRhX2hpdHVuZyI6MzN9:1kLDL1:QRYhOTdEYaMjH7XY_nqMisdKknsYsqu2dIRKHXT5JLE', '2020-10-07 22:34:11.583779'),
('hey5lkhl87gq0xyx2ciplu2jbik9dcxn', 'eyJpZF9sb29wIjoxLCJkYXRhX2hpdHVuZyI6MzF9:1kKvSu:9l_kUfnVs_benmwCZBA8azEaGg7HIrCKdI3GSpMVwmU', '2020-10-07 03:29:08.644829'),
('hfyf9dn022xxyfqhbtz0bnrmfgfk8y0i', 'eyJpZF9sb29wIjozLCJkYXRhX2hpdHVuZyI6MTl9:1kT07M:B2wkknEqvOkPgvkwwlX0EOdRvorq8-ZTIkI8g4rxkJw', '2020-10-29 10:04:16.095039'),
('hg55ezk5x5a5tdj14yg10h233smn7c7l', 'eyJpZF9sb29wIjozLCJkYXRhX2hpdHVuZyI6MTN9:1kSz1e:eRjuaWrw3nNaWOBIM76NlPbkl5-UggyQcMhZ7Y8w3Jw', '2020-10-29 08:54:18.309732'),
('hh8qqh4gef7s6vibk2c1z97ys3t1yv0c', 'eyJpZF9sb29wIjoyLCJkYXRhX2hpdHVuZyI6MH0:1kKZe5:5gazubulWywSF2y5gfZPLmKlsHKYbB2Z1x87AreRRwg', '2020-10-06 04:11:13.540585'),
('hj28v5lm2k2ax3eqqjj7zoew1pe0mfda', 'eyJpZF9sb29wIjozLCJkYXRhX2hpdHVuZyI6NTd9:1kKvTH:wjz0SU5eVaAcWjp-N_HcSh9cXpvbkrP5UWFkujtVFdI', '2020-10-07 03:29:31.726124'),
('hk3zsng1n1wq8o3zr3oxeyhtxzz54knn', 'eyJpZF9sb29wIjoyLCJkYXRhX2hpdHVuZyI6MH0:1kTGhM:iHi5hkvn0zmsAKo5iy2SAnvep65v_97COMVP_R6JGCI', '2020-10-30 03:46:32.507216'),
('hkq5r9gagyilkyko4ovyvlxqqrs1d08p', 'eyJpZF9sb29wIjoyLCJkYXRhX2hpdHVuZyI6OH0:1kNqEM:Mn0N4qZSWen2ST28v4JyUPOL0lmUu9QRJoq4mF1sPEI', '2020-10-15 04:30:10.698173'),
('hlxit4y9mkibp5ou2zyh1ues9chz75xi', 'eyJpZF9sb29wIjoyfQ:1kUPmp:qJl4kwJ7TEikQN0NpuWj1B3WAlmJZ5SR2IExPB1iezo', '2020-11-02 07:40:55.512825'),
('hmjsj7ch2z1igwzunxoojt0tfz5r3deo', 'eyJpZF9sb29wIjoxfQ:1kUPzd:xngP2s8UxzyMY0QWjv7PF9vD3g0sRlonqVrTlIHv9xg', '2020-11-02 07:54:09.863461'),
('hmn6mbttq74bs73z5g4azckds66lgkrc', 'eyJpZF9sb29wIjoyLCJkYXRhX2hpdHVuZyI6Mn0:1kTGNy:wCwKOxUAUzwIemHTfjVR-W0DnRNah5DD45-5u120wBM', '2020-10-30 03:26:30.055631'),
('hn9g1et4pu4h9fv0s6pvsuvkz52vr8zv', 'eyJpZF9sb29wIjoyLCJkYXRhX2hpdHVuZyI6NTR9:1kL0Nw:2kCindjMry7mRGc6dk00iyI71rHFtCR9RgMILhm7cug', '2020-10-07 08:44:20.235123'),
('hp0q0mn3n2cc7l0af982ilblmkqcbi8d', 'eyJpZF9sb29wIjozfQ:1kV7cc:ePKikh1Wmy7zpSil4-J4GW6-1KwHTLc3YCQN1XxHUdQ', '2020-11-04 06:29:18.508060'),
('hp6pozcq3hnylsel13jydtpzli7uz8xz', 'eyJpZF9sb29wIjoxLCJkYXRhX2hpdHVuZyI6NTB9:1kLD00:gwEN2t-O8jCFMImjHcvkoa-wc-s7Hk3ONOxdKCZXuJA', '2020-10-07 22:12:28.666075'),
('hqadfyg84497luwn8glqxlwfajsjwh1f', 'eyJpZF9sb29wIjoyfQ:1kT0av:BEAa8ZWJMLfeHyQDp5sgO1b07Mu33qoz-NLQueQddoc', '2020-10-29 10:34:49.456975'),
('hsg4iguqh5oo6yjluwcv5uumlvy1r2yf', 'eyJpZF9sb29wIjoyLCJkYXRhX2hpdHVuZyI6MTF9:1kT0EE:VA9-fNSW5ThH5G712D4L_kIVv-UU9NW2FhkUiWQhllc', '2020-10-29 10:11:22.786994'),
('ht0ytcjjpd0waeh1seuzuwqmu3uaka6t', 'eyJpZF9sb29wIjoxLCJkYXRhX2hpdHVuZyI6MTV9:1kSzgm:TGF9U9d05jU7hPcSWbFveFRtJW7Zoyd3IxZWnAm52_I', '2020-10-29 09:36:48.777143'),
('htbhw0iy33eygl6msfluw6uv9p6fl97a', 'eyJpZF9sb29wIjozLCJkYXRhX2hpdHVuZyI6N30:1kSw0U:xX5pux5PqzoxG09erVAUnsOvhrgLjAerqw_amomUlHM', '2020-10-29 05:40:54.696990'),
('hw7qjle5gttif93p80ctlxoqq8sk5km6', 'eyJpZF9sb29wIjoyLCJkYXRhX2hpdHVuZyI6MH0:1kL19z:PmRdiF8bPC2kTfpowSJPZ4zkO2JsolFoLJmIU9hRbS8', '2020-10-07 09:33:59.250098'),
('hxodqwuxv0mc6kr9wo5tmnxev72njaiz', 'eyJpZF9sb29wIjozLCJkYXRhX2hpdHVuZyI6MTd9:1kKGtX:6u3eqtIzph-ePmFVaK3JT8Nf25--Nc3esTKki0l7Op0', '2020-10-05 08:09:55.974423'),
('hyssbdhdf2yt36wdwzhqx4rp7h0syj30', 'eyJpZF9sb29wIjoyfQ:1kTG6n:B98fAfTpRSt_8Ec7mdnYbuE8MmMnAH1w3r7MhpaHMJI', '2020-10-30 03:08:45.801497'),
('i1wuwiypk0hisy1vauoyez0p1si6ezs4', 'eyJpZF9sb29wIjoxLCJkYXRhX2hpdHVuZyI6MTl9:1kT0RO:6PVo2F3QlES45F8WX1OQ22rxsitnxv8mciFrmWi3KRc', '2020-10-29 10:24:58.780152'),
('i2ny8l6anc3psnn6exbv2km798971klr', 'eyJpZF9sb29wIjozLCJkYXRhX2hpdHVuZyI6Nn0:1kOHzx:IFJZpl2LF7XDv9jlJRL9pz3TneTAdAy2JVpzPqIUag4', '2020-10-16 10:09:09.262908'),
('i3utkchfbd1h6t8ujmgcddeb42yk4q0o', 'eyJpZF9sb29wIjozLCJkYXRhX2hpdHVuZyI6MH0:1kL168:2c0RDO9jF2rH3O-zQw2x_PhVVNQ5l5453uwcpidK9gI', '2020-10-07 09:30:00.165526'),
('i6zlprm6w2vf0pg9tqn65t1fxnradj5a', 'eyJpZF9sb29wIjozfQ:1kU42S:upXUejAcQMSA57Vks6E5XBwCX_9KjQkWkb8hBxsOuT0', '2020-11-01 08:27:36.443944'),
('i84du04u9ih8r604k6o07pa9de7i8qju', 'eyJpZF9sb29wIjozLCJkYXRhX2hpdHVuZyI6MTR9:1kSzD5:6Xp_Ka9PVnOATIgieK7OKbTSF78D4GkZ8EkFoCvuRQw', '2020-10-29 09:06:07.993123'),
('i8hj1kshn31dalnir3fr8z08gooz560y', 'eyJpZF9sb29wIjozLCJkYXRhX2hpdHVuZyI6OTB9:1kKyYN:HOY9gSz0gfBbQ5kAojL2ZPkQv8GF0fqkNPuGCNRp2zk', '2020-10-07 06:46:59.147142'),
('icso3iservqmdeu4q4d108xjb5hzl0wh', 'eyJpZF9sb29wIjoyLCJkYXRhX2hpdHVuZyI6MTh9:1kKHGJ:ZM1guUvgDfpFQ_jfP9w7C_muzX8L4dgRwAAGwC3Mzt8', '2020-10-05 08:33:27.553102'),
('ictd9yt0s4oql9so9asjn0aiwtwk4duq', 'eyJpZF9sb29wIjoxfQ:1kT0C9:BB63LalldcnBfbgUtPkGS_hU6QbyhxK_j23kX_D_4hM', '2020-10-29 10:09:13.253404'),
('id4qe38nnekn1oyb1in5vun4cf5udrq7', 'eyJpZF9sb29wIjoyLCJkYXRhX2hpdHVuZyI6MTB9:1kT0D8:7zuWw9Ob-BbYXGgDptoQe3xC4npy6f7IBoOt2sNskVc', '2020-10-29 10:10:14.218626'),
('ihre0h060u61euuc1zzewwll3pepsx2n', 'eyJpZF9sb29wIjoyLCJkYXRhX2hpdHVuZyI6Mn0:1kOB1k:3U1mzf54s01-UFACcLH72-7wCDiQVk-AeElPtLNycKw', '2020-10-16 02:42:32.945440'),
('ij0y4ggl554b9b419vmwwggbt0lbkfcv', 'eyJpZF9sb29wIjozLCJkYXRhX2hpdHVuZyI6Mjh9:1kT1It:qmIdAX1GdxDmf2SXAI4mxESgf2h9Kn4RvXXlT82MAQU', '2020-10-29 11:20:15.818430'),
('il6nw36i3klotszzoz53rv8kq7dmfyra', 'eyJpZF9sb29wIjozLCJkYXRhX2hpdHVuZyI6MTh9:1kL1ZJ:KNh72n4a4LG9X9W7uq_DFcNq-U6JpOYRjDaEvy9p-wg', '2020-10-07 10:00:09.156084'),
('iny29u4xai5fefdt2o8o9tnmijn62dt3', 'eyJpZF9sb29wIjoyLCJkYXRhX2hpdHVuZyI6MH0:1kTFhf:8abz-OSDZjhx7HtDE_E93Z9quk8KrS7RhPwwI3pLFr8', '2020-10-30 02:42:47.011261'),
('ioqh4m4c81g093bwufkp9vbcn1zme2yv', 'eyJpZF9sb29wIjozLCJkYXRhX2hpdHVuZyI6NzZ9:1kKyNA:4n7pIP-4KNOaAlXJwOTXZuL2czYjDk8GadNMkaVkvbo', '2020-10-07 06:35:24.787522'),
('ipsm3j2d1tt0p50qhefevxqv2zgwfmjd', 'eyJpZF9sb29wIjozLCJkYXRhX2hpdHVuZyI6OX0:1kSyRB:CqxN7keM8eURamMbV3qc77k_P-QUKE6X13KEA1wM6VE', '2020-10-29 08:16:37.410292'),
('iqf47q03jkt0frqb0k1tji0xbytuyn5u', 'eyJpZF9sb29wIjozLCJkYXRhX2hpdHVuZyI6NH0:1kSy0a:1_w5iTjy3hq5ck8iOBPvSN4hXgF6S4tb-4MyE5TwPkI', '2020-10-29 07:49:08.173112'),
('iqkemrejm706sx0oqj5dzlzh3tmae94v', 'eyJpZF9sb29wIjozLCJkYXRhX2hpdHVuZyI6MX0:1kKZH4:NXq7QtMr1b6qW754nB7Sf2g2erIEnJ3Vn1iBgUA20WE', '2020-10-06 03:47:26.587635'),
('irc2o6ttq2z9c8b1m69ylkhjthzj817k', 'eyJpZF9sb29wIjoxLCJkYXRhX2hpdHVuZyI6MX0:1kTGdA:4Xj_xVNnIUddsnZrjon3GbTcN42IPBuUUqzfz9ubiqA', '2020-10-30 03:42:12.359652'),
('irm8ffzjluo8xg8v2g9u10xpfwgmlmc3', 'eyJpZF9sb29wIjoyfQ:1kUIgC:iCb1LRtyChjIq5g1zm01oBu5KyrPFQ7EhHi_IRPCwhU', '2020-11-02 00:05:36.944914'),
('iu4ykkv6qtw36jb9gh3eqrku4orfg6hs', 'eyJpZF9sb29wIjoyLCJkYXRhX2hpdHVuZyI6MTV9:1kKZy7:LNKeloPM7DUOyTE-PpDJC2f5u2kQ0iWZfHZHlY3V0Pg', '2020-10-06 04:31:55.256231'),
('iu918jrhk8pztgq7m66l9gggtwbrjvvl', 'eyJpZF9sb29wIjoxfQ:1kTGdA:x99kLqLXV83ZtKeW6Y_HHXMtYBwRgoeUDNpSrkb8E_8', '2020-10-30 03:42:12.090648'),
('iuzjwh4q1yfkzvvheyv60w9o6idoicav', 'eyJpZF9sb29wIjozLCJkYXRhX2hpdHVuZyI6NDV9:1kL38Z:tzJeRRSn0P-nONC7ywpN68fiaGeRnTcj-pJy9xuDFpY', '2020-10-07 11:40:39.096446'),
('ivnygl03n7zhhmoba24mwz8vzpwdg28m', 'eyJpZF9sb29wIjoyfQ:1kTGuc:uSOzB1iHFv6Zzn13Ponb1FhPQ_teTBuKhCuBtsTEHA0', '2020-10-30 04:00:14.652558'),
('iwmfzud8aus5vfx38pparxtasx59gyqa', 'eyJpZF9sb29wIjozfQ:1kUjGk:XA_uePNgmMXw0bKwO3rNh4zTNmwrsHjdqZJYQiGxABo', '2020-11-03 04:29:06.892938'),
('iy66zicvyj5shyd7qsmbj9fuw7ho2kf6', 'eyJpZF9sb29wIjozfQ:1kUPyp:BGgyfBdwbgEF0nkbU_TXYQrBt0wyn5YqW07uJ1e4ODg', '2020-11-02 07:53:19.326377'),
('j0t5poigh7iqqdncmzo5ksdaeihcul96', 'eyJpZF9sb29wIjoyLCJkYXRhX2hpdHVuZyI6N30:1kKusH:5f3xgJ7GTjgqJYd8HouAaZoC16Ij-fb4-_tkIK3vLMk', '2020-10-07 02:51:17.083932'),
('j29d67qc1li4ufrlv240pwde60uio9as', 'eyJpZF9sb29wIjoyfQ:1kTFvs:BI4kiOmE8XZGFJ0t45H8OGHZwjuSVN5RwqDIn33EtNk', '2020-10-30 02:57:28.537432'),
('j2uq895yofjevmv88jbl5o32z51r8s8h', 'eyJpZF9sb29wIjoyfQ:1kU3Sg:qE5kiuCZTB-sCfLg8kS-FbwVuYiOtnohlDsZa56ByVc', '2020-11-01 07:50:38.604343'),
('j580kion1h2r14wd2s3e9m4d7zy7s5gz', 'eyJpZF9sb29wIjoxLCJkYXRhX2hpdHVuZyI6MH0:1kMnZA:9VVmPsm-FV9rjV00kYYcHZ5d-9fEXE8yGv8BI-PMPLo', '2020-10-12 07:27:20.277427'),
('j5f21vz0aotlyk7rkn133640zsorx0vs', 'eyJpZF9sb29wIjoxLCJkYXRhX2hpdHVuZyI6MX0:1kLLkx:n4F9MndX6tjiwn2GNnFTIxUETjkETH41-lY8GyrPjH0', '2020-10-08 07:33:31.010170'),
('j5nhs0idenf554932ffxceb9x985rnnd', 'eyJpZF9sb29wIjoyfQ:1kTFhe:duIl7qBG8YJDaoSOX94o2UfUHKc-6PL5bsEdNMUHnjY', '2020-10-30 02:42:46.663269'),
('j5uj1fkkpm3dhdkni4rvydk41y5ll6kq', 'eyJpZF9sb29wIjozfQ:1kT1OB:IORTgBfNq6GYuTNW3iWiRXMpeKCcQFjr1BjpsuIYonE', '2020-10-29 11:25:43.007726'),
('j67su5wn3fop0yegyeuvdtre29h2xoa9', 'eyJpZF9sb29wIjoyLCJkYXRhX2hpdHVuZyI6NH0:1kUPmD:0Q35gYFqjLJVEgab_fCgD0gbc7zKHSAv7kYW-PCEnd8', '2020-11-02 07:40:17.973534'),
('j6s3tdpnl4z6iwcse483tqi914fih8t2', 'eyJpZF9sb29wIjoyLCJkYXRhX2hpdHVuZyI6MTB9:1kSzsB:XqkA5oE-BscshhLTDmf3i_CPzy2sO16i0f74T5t4qYE', '2020-10-29 09:48:35.777988'),
('jbil9r0ddnbp29rijb0k4d848mlvxttg', 'eyJpZF9sb29wIjozLCJkYXRhX2hpdHVuZyI6NX0:1kLLzK:QWOJoIsSMr50TRHsHbX8idgBzDMdRq0TrleWl1t4vnk', '2020-10-08 07:48:22.049282'),
('jcvb2xy5ilzadklz5a6uhvrl1ns6ki2z', 'eyJpZF9sb29wIjoyLCJkYXRhX2hpdHVuZyI6Mn0:1kMnb2:wjI3cxO0D8128EoSOYTN2WxwfsrSvN-Y_-GkYndZyQ4', '2020-10-12 07:29:16.056755'),
('jdrjh1x1wt7tjcygvmafp2kymjcjev54', 'eyJpZF9sb29wIjozLCJkYXRhX2hpdHVuZyI6M30:1kMnFH:J0BmaYQYGosUmeoXwRVJ5BZeU_-Xr6BSzDvzTlBgoPU', '2020-10-12 07:06:47.266054'),
('jeits9tavd7wxmcz8c9kswum0nku869e', 'eyJpZF9sb29wIjoxLCJkYXRhX2hpdHVuZyI6OH0:1kLMDy:nGcCMiwj7YunUVliJ3ePj41XIR5EhvhdRBYUkEw9BQg', '2020-10-08 08:03:30.335532'),
('jh8lzim1ht0ucyi0ph2f6pwnklztpk0c', 'eyJpZF9sb29wIjoxLCJkYXRhX2hpdHVuZyI6M30:1kKE7Q:X35jN30DKoNuyhzBfb3aw7ZrGL1Y9y61oWuePyS_vQI', '2020-10-05 05:12:04.299583'),
('jhhpadux2n0ujg8uiptqg8jlenlbjsk7', 'eyJpZF9sb29wIjozLCJkYXRhX2hpdHVuZyI6N30:1kKekW:_VdxKwMYbsCCCOFF9BZhW5Y6a_oUQ89pDPFZcvDvCm0', '2020-10-06 09:38:12.036207'),
('jjx85t2s9yt9wzjdulzmgy8944ettahf', 'eyJpZF9sb29wIjozfQ:1kT0lG:kCAAibeDdu2hOgzdUBSd_-wp-gpUAW4X6M2z5GGrfgU', '2020-10-29 10:45:30.073574'),
('jk90gghojbz78tz2zyq2ex35uddsvaf4', 'eyJpZF9sb29wIjoxfQ:1kTGWn:TmH-NJ3DgPYRYTrHtG2xrLQjncset0ZbThtLk4dw4jI', '2020-10-30 03:35:37.594724'),
('jlqz4zrgqhcdpv550wjgp8h4nommipud', 'eyJpZF9sb29wIjoyLCJkYXRhX2hpdHVuZyI6MTl9:1kT0ij:IJt2yA8M2L-hoj4OzofajLbA0WTkdQoI5AXgU_O9uQk', '2020-10-29 10:42:53.865102'),
('jma5xuq1bgz8fet5cbaxpr5dcpg8oo7y', 'eyJpZF9sb29wIjoyLCJkYXRhX2hpdHVuZyI6N30:1kUPv2:h8uK2cfaQy13WBLjQ73PAFU6w4bCW6Z8DiHk2nw_xx4', '2020-11-02 07:49:24.011984'),
('joyhrxhzmhls3nzrzz0fk698el9ldvn5', 'eyJpZF9sb29wIjoxfQ:1kU3bA:B22g4S9zWje1QwkrifDUQHhyD_LbW_IF8uEzAMmyHVE', '2020-11-01 07:59:24.799846'),
('jsl0n3pfyt52a8l6lsdl1e6pcy9s2mze', 'eyJpZF9sb29wIjoyfQ:1kTJTw:PM2Wzo_NOZ7DsVSBqBwtmtnML6dtQLutiy-OrfsngN0', '2020-10-30 06:44:52.247557'),
('jttfx9gme7kai508meh9katupkr9kdhi', 'eyJpZF9sb29wIjoyLCJkYXRhX2hpdHVuZyI6MH0:1kTFmo:Zkl1YJ1aWCLz5ei6YZQeKIiciexaWLR9GFNKqV05Hbk', '2020-10-30 02:48:06.011921'),
('ju17sw58orcfm70i0371eiqvpmbt0cax', 'eyJpZF9sb29wIjoyLCJkYXRhX2hpdHVuZyI6OH0:1kSvYD:zkEdL12nrVIPEJ87IxKCE4XuHI3OUY_wdgXmCTV9HPc', '2020-10-29 05:11:41.691555'),
('ju34t32sydfsc402iyc68ilb3gv0vlhk', 'eyJpZF9sb29wIjoyLCJkYXRhX2hpdHVuZyI6MTd9:1kKH5Y:IHZdLRrKi_fH73P82SGtWzXhXtGmAClZuQyemtGKwzk', '2020-10-05 08:22:20.629446'),
('jvsj63gdnkww63n40jwnxy7ba9syofcy', 'eyJpZF9sb29wIjozLCJkYXRhX2hpdHVuZyI6MTE5fQ:1kL0Wx:TA9SDupWIovaQ4QCBpcDzOQG5dotraCKpfX43jNZyzA', '2020-10-07 08:53:39.553629'),
('jwfaeudu0j06wci4j52d1mwqs6ur6cj5', 'eyJpZF9sb29wIjoyLCJkYXRhX2hpdHVuZyI6MTB9:1kLNVs:_5aSYifFRsAPweCsTDLhhlr4mwh_aRlgy03Sd2NRW9M', '2020-10-08 09:26:04.550297'),
('jxixegaq3y27rl8vqr9pfqkosgy066tz', 'eyJpZF9sb29wIjoyLCJkYXRhX2hpdHVuZyI6MH0:1kSwRx:2LFsb1hyP5QFltA_WVBbqZ9Gr5YlGWtuZr78YzeXiEg', '2020-10-29 06:09:17.312707'),
('jxz3e25pcd0epqh7nba0ykkws3fzdaxf', 'eyJpZF9sb29wIjozLCJkYXRhX2hpdHVuZyI6MzJ9:1kKZvX:Rk3mzzoZMWZ6Y6ii6jlj0Zz5PW_Cre-_FbdkE9BGJ1M', '2020-10-06 04:29:15.685814'),
('jzobf587vwh3214pz8cwx9fsdrv858ub', 'eyJpZF9sb29wIjoyLCJkYXRhX2hpdHVuZyI6MX0:1kSy20:a_qzX1YkptYNY4tCy8ZcPGzUiJN64h8LmZyrEzgq9FE', '2020-10-29 07:50:36.422523'),
('k18zqx422m1bgnqdrvanhebro05op0b8', 'eyJpZF9sb29wIjoyLCJkYXRhX2hpdHVuZyI6MjZ9:1kTFDb:mWu8yCwY1gVHk-EY4I3FW9Qqicdsa2gAIJDboCbceRQ', '2020-10-30 02:11:43.021142'),
('k1szzewhj7rgwjnj7y5e9vug3pps7jwq', 'eyJpZF9sb29wIjozLCJkYXRhX2hpdHVuZyI6MTIxfQ:1kL0Y8:G16ydlcE6-zopfpXhKiUiCqV6igUqg2DkNrkHwjxl2k', '2020-10-07 08:54:52.340005'),
('k20p1h8owb6yols8osbfofpu6vplx2th', 'eyJpZF9sb29wIjozLCJkYXRhX2hpdHVuZyI6MH0:1kL0pu:GGU5I-uQ1tqUNKGurAngVhtZDF57mNqxqewlqIoIKso', '2020-10-07 09:13:14.014606'),
('k3vnab9cwzr28e2n55ar5tul86gu8u7r', 'eyJpZF9sb29wIjozLCJkYXRhX2hpdHVuZyI6MX0:1kKZHQ:SNLxh_G-mPCkqHJ6dMMgXWVGLo0g_0IaFezXEP7a4Pw', '2020-10-06 03:47:48.116331'),
('k80t25r2iekil41sbxl838sodxc9y8c4', 'eyJpZF9sb29wIjoyfQ:1kTD3R:ppOkGdc1mOG0oOF3GqLf1u4_IbnwDm7sns2wOSEJXwA', '2020-10-29 23:53:05.645849'),
('k98cu0b7yaskrxj3e1bsdomw8mu4d9jh', 'eyJpZF9sb29wIjoxLCJkYXRhX2hpdHVuZyI6NX0:1kSuMp:O9CBokl26PcmjzzSJWQTyTTpUCM9XNOP2agNJRr0rWE', '2020-10-29 03:55:51.176125'),
('k9o8igaf5zok7x4edgkct17ho4uiuavz', 'eyJpZF9sb29wIjoyLCJkYXRhX2hpdHVuZyI6MTB9:1kLNNU:gVpITzQeTNOzWpGn9p0M5vPs8Dz3sIUSGNoaQ43miJE', '2020-10-08 09:17:24.746793'),
('kabgucw6s777oezsij6w8o09bapcnnyp', 'eyJpZF9sb29wIjozfQ:1kUPRN:P1wHha5r_vfs1vi-g4z0P_xl3LXNJwcwSy8z9DsTWj8', '2020-11-02 07:18:45.388519'),
('kbcp4nyxvriolch9q645gfghyd21v29e', 'eyJpZF9sb29wIjozLCJkYXRhX2hpdHVuZyI6MH0:1kLNiT:0IJBskR3RJP98i_acboiQDCwcQLccDTqdz3zLuC0NdM', '2020-10-08 09:39:05.893269'),
('kbkngm4qegdjb8w1qxcs1ptc26wm8zen', 'eyJpZF9sb29wIjoxfQ:1kTGrY:_G1QLSk5Ydr7KzJjSlWdh-BCd_1ZyAMXn4iPYrAjEeA', '2020-10-30 03:57:04.210569'),
('kcu1kac20qs65m8cjt9ox92cx38sy50k', 'eyJpZF9sb29wIjoyLCJkYXRhX2hpdHVuZyI6MTB9:1kc2jQ:CeZpT28017_8eu0_igIZrnxOpEIXK5KtfKQnnWOFxcY', '2020-11-23 08:40:56.420075'),
('kd1c7la14cjzz8lct3cmc3wmgwm2vyjf', 'eyJpZF9sb29wIjozLCJkYXRhX2hpdHVuZyI6OX0:1kLNAf:wtQIFqu-wrVibEI6VoSLxeHQhRNLfuwPsYTnANusWkU', '2020-10-08 09:04:09.500453'),
('kdl48iio84kjnomg7041nlhip5o5cor9', 'eyJpZF9sb29wIjoxLCJkYXRhX2hpdHVuZyI6MjR9:1kT0Z9:uQx8TIeNTlUfPK7N4Prt1K0u3a6uH4jGCfSuoko3zlg', '2020-10-29 10:32:59.984388'),
('kf8eqyxun5r101egzrluuz4fjbwrxoms', 'eyJpZF9sb29wIjozfQ:1kTFz1:PX9cciYJ5a0TmIkc39JWJ4gFafiq6aWfYhRPRp6uu3g', '2020-10-30 03:00:43.666331'),
('khy32t1b91lzqmknr3x43y3uy8iqeaz4', 'eyJpZF9sb29wIjozLCJkYXRhX2hpdHVuZyI6N30:1kSvgG:lwpEkpAk40QXaA06FJ74rAuZY283BG-Cahxx3v8fLZg', '2020-10-29 05:20:00.559566'),
('kjfk24nsb24f0rihvoznwascrzyvpobb', 'eyJpZF9sb29wIjozLCJkYXRhX2hpdHVuZyI6MjJ9:1kT0K1:Ng9vjsIeCdAvxF2mBG3VEwTbzl9U08fMBwEawClqQq8', '2020-10-29 10:17:21.303856'),
('kk6yj7fkih4j8oko4u774ud4fr8cvgqj', 'eyJpZF9sb29wIjoyLCJkYXRhX2hpdHVuZyI6MjZ9:1kTD6S:HKdUz_VbrSKE-bkJzjcZa3mEMpQAqVdOp4irl_VERSY', '2020-10-29 23:56:12.853856'),
('kl9dy2qlguu515e8d4c97afvg7sv746m', 'eyJpZF9sb29wIjoyfQ:1kUPxO:QBIr7XvHmgqZOkO9iYfRJsLmqAG2jD6OZeqkWXLryZ8', '2020-11-02 07:51:50.900342'),
('kutg6lj64rc8rppx2y5urkdp7201lv2g', 'eyJpZF9sb29wIjoxLCJkYXRhX2hpdHVuZyI6MTV9:1kSzI7:UW94BCCShe-x_uBiSua7wm6AMsWR0fw1lWD0uBd4bts', '2020-10-29 09:11:19.395256'),
('kvbqiqkibsrtvfd265ezy9zdwa0s8wuv', 'eyJpZF9sb29wIjozLCJkYXRhX2hpdHVuZyI6MH0:1kTG4I:dLyS4zTVjAE0bx8BnnrsU_nq7egqvdB0nLUepFtyRkI', '2020-10-30 03:06:10.536695'),
('l4e2kwnur4imzi193sqv4dop3mwd58qr', 'eyJpZF9sb29wIjozfQ:1kUPp7:CJvvSFndbbtxl0BMQsQMww9H4erBpWLCpFC98sVB5JU', '2020-11-02 07:43:17.220475'),
('l731zagr11pd8byiypjzt23hocs1wyb8', 'eyJpZF9sb29wIjoxLCJkYXRhX2hpdHVuZyI6NjV9:1kLLNB:RbQNBYnkgCcsphBdcxf8xkitPnYX_h-Rr1UefzNCFUg', '2020-10-08 07:08:57.589895'),
('l8ww9y5c6rlaikier7qtbjsp5hzv0dwc', 'eyJpZF9sb29wIjoxLCJkYXRhX2hpdHVuZyI6NH0:1kLMAW:rPEXSHE8eaZbAkdmPUvCi-O__AlXcgISyNQq83ggxmE', '2020-10-08 07:59:56.325069'),
('laeh9q2kqmqv889he0oksi444bi2f6go', 'eyJpZF9sb29wIjozLCJkYXRhX2hpdHVuZyI6MH0:1kSxmm:nA3SmGWYs94pkHlMXC0Nmt90Cd2cRr-wTd8tUx24EfQ', '2020-10-29 07:34:52.310053'),
('lg7nskwpnafrnueyltgx21w5mrdsv03y', 'eyJpZF9sb29wIjoyLCJkYXRhX2hpdHVuZyI6NzB9:1kL02g:bsBBpc-xbhLj1e6P-5M2zz4Ut837vvObtYA5TDecyGc', '2020-10-07 08:22:22.085248'),
('lgdhlvj4z8xme4zq4knvo9iyuzsn7uf2', 'eyJpZF9sb29wIjoxLCJkYXRhX2hpdHVuZyI6Mn0:1kU3bB:eA0vUFnVGakHbRa6AdsU_x5huVymXiX1ZkU5bXM_zAg', '2020-11-01 07:59:25.090811'),
('lizd7gaz84jg70h0x03oqa5rdyd0vya6', 'eyJpZF9sb29wIjoxLCJkYXRhX2hpdHVuZyI6MX0:1kNqmZ:99XeBorKojjV8TjZRZT9TzWQdinvAcsXbhqz-L3MkUk', '2020-10-15 05:05:31.946351'),
('lj7dzt06lvk8790o68nd5gwkqdyq55yb', 'eyJpZF9sb29wIjoxLCJkYXRhX2hpdHVuZyI6Nn0:1kSuOV:TwwKefRnQZ9bcEGn56pP7lmeb5zPbPgJ-7Y1UTo0Q3o', '2020-10-29 03:57:35.475559'),
('llt8swl40ium5czo75e9q52i900enpge', 'eyJpZF9sb29wIjozLCJkYXRhX2hpdHVuZyI6MH0:1kU42S:21HnmIoz91vLZ3JvCcsNsW6Ny8FBXZl0MHg7IZvcQUE', '2020-11-01 08:27:36.195154'),
('lmpa0brlj7wt1j6mvkyttp3jw9ij6hmf', 'eyJpZF9sb29wIjozLCJkYXRhX2hpdHVuZyI6Nn0:1kKF6H:l1qvExhG0JlPo0QkhsOdkdc0NPZlcAd8COHRNfT63HM', '2020-10-05 06:14:57.165265'),
('lp6a7ljbed5nvvvolnvj9mh8yd9oo40k', 'eyJpZF9sb29wIjoyLCJkYXRhX2hpdHVuZyI6MH0:1kNvKg:JnJlKSpGtKwfUKwHRGPFDDopjMOe-8Fz-AGzUqVIJYQ', '2020-10-15 09:57:02.730806'),
('lq7lgj8l1cagllsps8i06chgrj89uttp', 'eyJpZF9sb29wIjoyfQ:1kTCnT:nAmoHrg0iezqFKpnJwik6PmxDmFIKdpQUelzb8x9fgc', '2020-10-29 23:36:35.795127'),
('lqevyq7plcopkz564xz1ypgsms6463bo', 'eyJpZF9sb29wIjozLCJkYXRhX2hpdHVuZyI6MTl9:1kT09E:z74eFs3xU7xQgd8K5mqRvaXp7htzfXWkfUxm9sooPS0', '2020-10-29 10:06:12.063303'),
('lqpw4dph2sc8kh084i8slcrncuas9mj7', 'eyJpZF9sb29wIjozLCJkYXRhX2hpdHVuZyI6MTN9:1kLNI3:RNyXjxXjorm--XHMM8D1FnuqZGqINx-MMflkpYZbt-U', '2020-10-08 09:11:47.200076'),
('ltlmv5em8pf0g0hisdhc27w2ipkrt5z2', 'eyJpZF9sb29wIjozLCJkYXRhX2hpdHVuZyI6MTN9:1kcMZG:PyqbHHdsWfbBrjRa3Pvi7JSMOAn3_0DIj3RjZiatVvY', '2020-11-24 05:51:46.130595'),
('luoabwlky02pg4hwai5bbeqwplrzhj3w', 'eyJpZF9sb29wIjoyLCJkYXRhX2hpdHVuZyI6MTN9:1kT0Hx:EqQJikiy6L1uqyyW1wfuU8bwzi_82P38_0ZmdceBSro', '2020-10-29 10:15:13.846180'),
('lv8si1b3jh5ux2e6bq5nin1cbrvi6e8t', 'eyJpZF9sb29wIjozLCJkYXRhX2hpdHVuZyI6NjN9:1kL38x:In_h_uruAEkuS-X8e_aMBXamZaJNt4Lc4ePDJx8jWok', '2020-10-07 11:41:03.082147'),
('lw1qg2spcvi1hobddm0c4teof63yhsyh', 'eyJpZF9sb29wIjozLCJkYXRhX2hpdHVuZyI6MTZ9:1kSzjU:hqU8BH84oLT1mBBmTF2nSZdtn-GDta-FeGoN8LmbbYg', '2020-10-29 09:39:36.178225'),
('ly7v8iefk83sfvfr5ydvxse7e29syicj', 'eyJpZF9sb29wIjoyLCJkYXRhX2hpdHVuZyI6MjJ9:1kT0v2:QWlmHKeneHYpH3zsKmpNns5SPJts7RlRom0SS063dvk', '2020-10-29 10:55:36.417130'),
('lzuc9sbpcpuywueou7mrrwk048whvsyx', 'eyJpZF9sb29wIjozLCJkYXRhX2hpdHVuZyI6MTF9:1kNs4V:-pNzcRzEKBrs7MSMjLK5DMeHauVFcIgkok_5OH3mElA', '2020-10-15 06:28:07.715682'),
('m0yk5iejyaify90b09bibyoxtsa4nnlz', 'eyJpZF9sb29wIjoyLCJkYXRhX2hpdHVuZyI6OX0:1kSz78:7vm11Y3Znfbr0tp96iKgii0YLAQ2tPikPmXfxNEb2w0', '2020-10-29 08:59:58.321701'),
('m1e7ddsdqs39j6q2gquxclu8z56opvwr', 'eyJpZF9sb29wIjoxLCJkYXRhX2hpdHVuZyI6MH0:1kNvGj:tmoBSOZCSA16_CgkAAGzl4Ug-CxbjOs2R4cNxePMfZM', '2020-10-15 09:52:57.820602'),
('m30kb7pgjx056oxa458qb9x96jgxoqa2', 'eyJpZF9sb29wIjoyfQ:1kT0mP:DnLBP6E1gVT2oUR6MN6kbaxJytI7F1srpvmRee7vZlU', '2020-10-29 10:46:41.603476'),
('m947s184cyxppbr7ww655wf1r7kygvc4', 'eyJpZF9sb29wIjoyfQ:1kUN1i:zfd9SZy0P-Z5YkqJguouvRHXz9u4W-hSUPilFolq5Xg', '2020-11-02 04:44:06.519504'),
('ma9mbn1ddglk6fnj8ppxeqnzva18olc5', 'eyJpZF9sb29wIjoyfQ:1kTChR:GPNHM5oUMsv8P6QpJ9fwxnYZWxf2vBq1VL3-TaDpmFM', '2020-10-29 23:30:21.098983'),
('mc7uw9vt6ac5livlvkpx7kw69zuefmtd', 'eyJpZF9sb29wIjoxLCJkYXRhX2hpdHVuZyI6MjN9:1kT0YC:M3pCgFbPMO3LBe4f11tYfS3Dj_VB2yoGBB-FK8rFAjI', '2020-10-29 10:32:00.665149'),
('mckljojmxsqv5gah7mdawd8jjeayt9gr', 'eyJpZF9sb29wIjoxLCJkYXRhX2hpdHVuZyI6Mjd9:1kT0nH:ULNEoPFfHsaRJFSxwO52qkREuZNHEIB7C0hGo0dMVFg', '2020-10-29 10:47:35.284891'),
('me9jv8f8ch6r6m13eg2jnezouc1lgyxh', 'eyJpZF9sb29wIjoxLCJkYXRhX2hpdHVuZyI6N30:1kSyd4:dBKolfbCtdfP06H8_GNiX5CARWYveUOpBDXwekER068', '2020-10-29 08:28:54.638331'),
('mk9h9xaog764l28ayep7n013owne16yl', 'eyJpZF9sb29wIjozLCJkYXRhX2hpdHVuZyI6Mn0:1kSxxM:LUatGXsyjE1aULPxCxbjz4w6N9nFO-hpWL72xJWjDGk', '2020-10-29 07:45:48.559620'),
('mnxxi2sr9ljgw4y2wjmjsjdczyn6c5oi', 'eyJpZF9sb29wIjozfQ:1kUPs2:5sAa8un0nxVzoUIBz3VbC5pVoYUZY53_0II_zVtdGyc', '2020-11-02 07:46:18.857423'),
('muodltywgbtud2cvv2zp6gnfsfeofpaw', 'eyJpZF9sb29wIjozfQ:1kTCpL:SqQxN6_6NUFagktRH992jJ447Uy2uXEY5-RizXN9Y34', '2020-10-29 23:38:31.797071'),
('n09j64mj2kradb5sb61xixno8q1pvwub', 'eyJpZF9sb29wIjozLCJkYXRhX2hpdHVuZyI6MH0:1kKaFK:5nm_XMYPFOsHkWsFvVACUT48-0R_msBOchKjgjcvTc4', '2020-10-06 04:49:42.822942'),
('n16h1tl8d9rhb3g0klgktdxquku8kr9w', 'eyJpZF9sb29wIjozLCJkYXRhX2hpdHVuZyI6MX0:1kKDz5:KBM8Wp_NijmnmTGpdFpixdmXJmbjurugra89yOhwt0I', '2020-10-05 05:03:27.536910'),
('n1bkxe0dkyba35yr4hugcy3pnd8nnl3u', 'eyJpZF9sb29wIjoxfQ:1kJy0O:2ZZvR_B_3H5zomhEryA0y3uEMNqbWx9XPZrvFtYJ-E8', '2020-10-04 11:59:44.038416'),
('n1l66fqhfdx3fms4f3mtv7e1y4900ihv', 'eyJpZF9sb29wIjoyLCJkYXRhX2hpdHVuZyI6M30:1kSy8W:qXvb6ATtZn5cYK9pcBSZQ092mjhpkxQ_BoKyiCVXJbg', '2020-10-29 07:57:20.428791'),
('n1u06cr2o35w8to5hux9ygum7if708bb', 'eyJpZF9sb29wIjozLCJkYXRhX2hpdHVuZyI6MH0:1kUPJF:Gf8Mlfxs0vRmn-AuJy_b2w0aYFRCBoCIJCjNcGKQhzo', '2020-11-02 07:10:21.243298'),
('n3ya0yb8ealr0a1hyxqy0gm2qjrp9mg9', 'eyJpZF9sb29wIjoyLCJkYXRhX2hpdHVuZyI6OH0:1kSyqh:_j1y5phE8v5RXUtPcxLyqAKs63BwpfGVYKBcNElCReQ', '2020-10-29 08:42:59.778624'),
('n7wrh0zt2s51bxlxapbhtd72ryk9s31r', 'eyJpZF9sb29wIjozLCJkYXRhX2hpdHVuZyI6MTJ9:1kUjII:IvoQI8DdtIqc3QIsv77Z1tnHswFdyLcvjDeNVBKN4YA', '2020-11-03 04:30:42.707745'),
('nblwhqowcs6ly8jv8zqoo6v2rzdzuebi', 'eyJpZF9sb29wIjozLCJkYXRhX2hpdHVuZyI6MTZ9:1kSzU6:4zJ_EqbO6s8jmONJb9REQflUu9El6t9f41BztU6S4MQ', '2020-10-29 09:23:42.112364'),
('ndzwuoi5teyhlsp085jmacy8czj657w8', 'eyJpZF9sb29wIjoxfQ:1kT09r:MCD4Yp9UD_EvQ87yDuzAx6QIjdpqfVCIG7tJqBTIs0w', '2020-10-29 10:06:51.675835'),
('nh1t6p8t1x3ifnii1tzeo8v0qo7khxv0', 'eyJpZF9sb29wIjoyfQ:1kUPYf:XMZ-lTe1LZiYm9iNml48LCijKQbri6iTIzsejPJukWE', '2020-11-02 07:26:17.163134'),
('nhnjoxhu4y8srnw7watq9m0smwm7z64f', 'eyJpZF9sb29wIjoyLCJkYXRhX2hpdHVuZyI6Nn0:1kTKD7:nWFLfjWCaA8Awz7Q3OHfUvDL7IZX_yktyEKj2kC65qc', '2020-10-30 07:31:33.062305'),
('nhxdh3x0hanu6c3xnizfzvs6uphmqe2s', 'eyJpZF9sb29wIjoyLCJkYXRhX2hpdHVuZyI6Nn0:1kSybt:lIvJPGi5KRqPFUKRwuCJHImaBwH5RkuCWCpvyZQFoPc', '2020-10-29 08:27:41.212611'),
('nilq5a7u16e6yt3rrffxo9m26aaz3l03', 'eyJpZF9sb29wIjozLCJkYXRhX2hpdHVuZyI6MX0:1kSxuo:4srmGJ3R-zKx1z_-CmVxVmu7i151b5V8hgmY21OOE3c', '2020-10-29 07:43:10.863239'),
('nn2vtog1ar549n3dwsq18prebw6cccyt', 'eyJpZF9sb29wIjoyLCJkYXRhX2hpdHVuZyI6NTN9:1kL0Dx:INezAO5WQFXLN7pZwCho9aUnRDy1rNODu4AdoaVz-o4', '2020-10-07 08:34:01.383546'),
('nnr4n05u9njaegkpqg4818664bs48l9y', 'eyJpZF9sb29wIjozLCJkYXRhX2hpdHVuZyI6OTB9:1kKyWD:txAR1-ZKieWHrgFkpJslFuSjcb85WXBb7QlNHl_NQ-0', '2020-10-07 06:44:45.118030'),
('nnupihk4orgi0lznsk6uhhkpoer3vpgm', 'eyJpZF9sb29wIjozfQ:1kT0Fv:oE-KfdGURFoKTFuWrFhQWHEimvHNwer_XXA5DZu07HU', '2020-10-29 10:13:07.338197'),
('npjw55nr58zuqh49u6anxobhmvnh0dsd', 'eyJpZF9sb29wIjoyLCJkYXRhX2hpdHVuZyI6Mn0:1kTG6o:trUCGg8bYETd44k6-URW007e12YU0xDDMJf4X0kG4LU', '2020-10-30 03:08:46.000338'),
('nrnvshuoljtmqe2jvy6nibvqi4azymcj', 'eyJpZF9sb29wIjoyLCJkYXRhX2hpdHVuZyI6MjZ9:1kTCnT:-74PdQre6v0MuZQCNhSCnUoMdAaNyQ6hk7vHDjZ1ViU', '2020-10-29 23:36:35.706133'),
('nv6olw4nvkbv8vpltm9obam46wgwth87', 'eyJpZF9sb29wIjoyLCJkYXRhX2hpdHVuZyI6NH0:1kNpWx:vTY39LimELYkqYc1JZpp02-QfrfV_E3URxeKXtWZhdA', '2020-10-15 03:45:19.981415'),
('o3amdjromfo4rttk3e2k1lesdaetg4ik', 'eyJpZF9sb29wIjozLCJkYXRhX2hpdHVuZyI6M30:1kNpDo:qspXSzBp1EgwdTHIdfsKT5D9SMIa6vnY6lqGpbI-qlk', '2020-10-15 03:25:32.781379'),
('o5rz02negzbdmkdz6m4m1pou0ymjpyxt', 'eyJpZF9sb29wIjozfQ:1kUPcS:Qs-qbfb6IS3_fsKBeplAii2vdNCeCcn7O_3oq4YNCWQ', '2020-11-02 07:30:12.539741'),
('o68nqvg59hqzmsybfo28hi1l1yfalgr2', 'eyJpZF9sb29wIjoyLCJkYXRhX2hpdHVuZyI6MTF9:1kNqhV:wgnzzdG2k5pAnVRzHl41Y4ji3TaCvKIICh1oy13-lqw', '2020-10-15 05:00:17.965040'),
('o79w6yf1qbwpx0m9vu8rsouj12zacuaz', 'eyJpZF9sb29wIjoxfQ:1kT0cd:EKbi5w8dp5K3FfZ2AH0wo4XOJx96vtxRJT79EPsNKHs', '2020-10-29 10:36:35.336472'),
('o8x7klqe5v4qdwfkd13tzoatg3vayfvj', 'eyJpZF9sb29wIjozLCJkYXRhX2hpdHVuZyI6OX0:1kNs1D:SLycGtHYTgd7yYVO7rHLWmqEZ6I9Fd37dZTq4RLv804', '2020-10-15 06:24:43.723750'),
('o9dq4c093nzw3f8v31jvqmyq4dpzlfu0', 'eyJpZF9sb29wIjoxLCJkYXRhX2hpdHVuZyI6Mjl9:1kT0vi:jqqG3SY8m5q_yd4ZYVgMd90Pn__zPAA70byZfu-HimQ', '2020-10-29 10:56:18.788214'),
('oan2qyob4n9aznpu82rlyh1m0a0q8f50', 'eyJpZF9sb29wIjoyLCJkYXRhX2hpdHVuZyI6MH0:1kSxpt:UcyQtHA8D13asEGtxOuEEiboQZ1petnFNeaA1oN73h8', '2020-10-29 07:38:05.080121'),
('ocqeqnue2dnkfz7srwoi84ipfjzpzqkh', 'eyJpZF9sb29wIjoxLCJkYXRhX2hpdHVuZyI6NH0:1kKEyj:7yrNeZl4BEK8YPNwX8nkKLCtj1eES8IlsgatU9Ae45w', '2020-10-05 06:07:09.781206'),
('odnh84bb0khkgqcxz1qzvpvs41e0gjuk', 'eyJpZF9sb29wIjozLCJkYXRhX2hpdHVuZyI6MTIzfQ:1kL0b7:90n5TPajZCK9JBaSq7IeOA0W9KHjzHumXoAX-pSzQ6E', '2020-10-07 08:57:57.932502'),
('odqwu8upxvh3rp1cbnzl0gtkzs7134yn', 'eyJpZF9sb29wIjoyfQ:1kTCsg:dJ-9hNBj7xmfPzxDTlklgqfF04sfRnDEENhKGiCwrFw', '2020-10-29 23:41:58.212840'),
('oeb8qroz2k99z7bcnjns0a82lmmuju0w', 'eyJpZF9sb29wIjoxLCJkYXRhX2hpdHVuZyI6NX0:1kRq0u:aSojtKv8JsFzsuFkv7trl-cWdfqEFSrritqifqkAhwI', '2020-10-26 05:04:48.447351'),
('ohvmey4209jqx07x9jryxinr08uy6hoq', 'eyJpZF9sb29wIjoyLCJkYXRhX2hpdHVuZyI6ODJ9:1kLLan:knZhJ-SrEIOtH8_aL5f5GYj2RAiL5RQh-TtYbsUVeho', '2020-10-08 07:23:01.501022'),
('okh1wjhaxqn1w9vmy1je6w4j5nh7jt2n', 'eyJpZF9sb29wIjoyLCJkYXRhX2hpdHVuZyI6MTV9:1kSzOJ:2G8yrB_pszqT9VKh8n7uWgSIJn5HsIxf1e5c3wRfnlY', '2020-10-29 09:17:43.142349'),
('ondit1id85y7vm2wc2agz77wkxqytdtg', 'eyJpZF9sb29wIjoxfQ:1kTGQG:dlrBEbuVyRQbzWCHW-BJfyFuY4ACghj92cJS3SrmQAc', '2020-10-30 03:28:52.835014'),
('ooni3dtowtokx0qk9rsucmzxxrr4p6j0', 'eyJpZF9sb29wIjoyLCJkYXRhX2hpdHVuZyI6MTB9:1kSzFr:ergIJupvCsPeP4cB9waoVJcygXKElJReTPMjSbv0KQY', '2020-10-29 09:08:59.153870'),
('op74zgfon2k2v1jtwlfrfxsx8zfhqu50', 'eyJpZF9sb29wIjoyLCJkYXRhX2hpdHVuZyI6Mn0:1kTGud:1-mfHdQdMEshMHINj4XkhzxCIir2JWL3J2hQovjSsWo', '2020-10-30 04:00:15.122552'),
('opko5yv9nj2mx9yt8d30iccdwyx6t274', 'eyJpZF9sb29wIjoxLCJkYXRhX2hpdHVuZyI6NDZ9:1kKyTC:9EuqKKWMgzi6JSDh9QSiTRawqw_88I9-JCQVpshLwFo', '2020-10-07 06:41:38.770495'),
('oq5wvv45gqlbthgo5yn4sie2sqgwmxr7', 'eyJpZF9sb29wIjozfQ:1kT0BR:XhHRrF0lvtnGCdfdN3HKJ1sZ64dnfzaNXrFVWax8c2w', '2020-10-29 10:08:29.853926'),
('oqfnb0vs0mka4dsfs57uta7ggqrra2w7', 'eyJpZF9sb29wIjoyLCJkYXRhX2hpdHVuZyI6NX0:1kSyWW:UA210GJrY_FVXjYgcPgI1wdH7xSzCvSPtr-misC1vqE', '2020-10-29 08:22:08.444765'),
('p0ldytrgft4adx49n8d7sgjii8uab5kk', 'eyJpZF9sb29wIjozLCJkYXRhX2hpdHVuZyI6NDR9:1kKyhH:XsVpOGYLBQHlEkxg4EZlUMKJU6ZqE6-ihGndfBShIwQ', '2020-10-07 06:56:11.750175'),
('p18pspjsgd6ks523qorncpocw3fbiai2', 'eyJpZF9sb29wIjoxLCJkYXRhX2hpdHVuZyI6M30:1kOB20:44AL_QtlUu3PYn3d5xh0r7Jl5LOfaxyGqGB-SyXXsH4', '2020-10-16 02:42:48.859383'),
('p28zu5mgz1qtnudod3jddevqh0ht6oip', 'eyJpZF9sb29wIjozLCJkYXRhX2hpdHVuZyI6MTJ9:1kUlTN:D72j1-vMtShnLFPKVBz0-5Qg9b2ToM3_l72u8VPod7k', '2020-11-03 06:50:17.884129'),
('p2n4f3f7nhu2xuhtcd9uqz6vh5ig4h6r', 'eyJpZF9sb29wIjoxLCJkYXRhX2hpdHVuZyI6MX0:1kU3VJ:q6jRlrjWeMqWzHC3QFni6FS0lwTV7YINSZGB9TAgzs4', '2020-11-01 07:53:21.458424'),
('p475rvhu5p43yakimbqkn484zeqono7x', 'eyJpZF9sb29wIjoyLCJkYXRhX2hpdHVuZyI6MTR9:1kT0XH:wx3P6UP-DCNqkraevMlYnsKOVndtMhC17b5lzbBBvkg', '2020-10-29 10:31:03.915062'),
('p7ypak59iiyyprhp37yqm1tv87gxjyhj', 'eyJpZF9sb29wIjoxLCJkYXRhX2hpdHVuZyI6MX0:1kSxzz:RkaGPgC8jHTRcUbqGXyElcA7RGXMC-ZdnoSk7W0Geg8', '2020-10-29 07:48:31.799219'),
('pcascr0vyufk9yq93o31bzvgqz35psi6', 'eyJpZF9sb29wIjoxLCJkYXRhX2hpdHVuZyI6NTV9:1kKyiW:hXh9pg7Ljar9E3wcmfqzOQk0HzBIhb6spG2GXaQisu0', '2020-10-07 06:57:28.657575'),
('pch1nqr9ivgxrdsgb3nv72eskisz4q5g', 'eyJpZF9sb29wIjoxLCJkYXRhX2hpdHVuZyI6NH0:1kUPe1:2Td9JAf3oNx9F0XPCmNcO2kmMXqXwXW4l0OqqvTCElU', '2020-11-02 07:31:49.920395'),
('pe6nyrummt4mvh8tmvn6tvgs5s1tpvfc', 'eyJpZF9sb29wIjozLCJkYXRhX2hpdHVuZyI6OH0:1kSyK8:E7umcHZp1S5PlQN_yW8JSWGPj3g5_qIPz5lE7Kb1blo', '2020-10-29 08:09:20.130067'),
('pecf5z7dt9y3t2vccmr1df6t1x48493s', 'eyJpZF9sb29wIjoyLCJkYXRhX2hpdHVuZyI6M30:1kUPkk:QvO0juRD2uUxGbo7V2HO0I89GA5G9lAl0kj5cluQs5g', '2020-11-02 07:38:46.159409'),
('pgbapowphm1gzyquzqkhkumfx7p21a1p', 'eyJpZF9sb29wIjoxfQ:1kUPSZ:l20RfHnhQqgrSMtr1xRSOjo38RS-C4W5WB0jrja1Er4', '2020-11-02 07:19:59.366573'),
('pgmcgvzluvi01mwjiqwvka49gwnlw89k', 'eyJpZF9sb29wIjoxLCJkYXRhX2hpdHVuZyI6OX0:1kUjCq:Yor591Y6PlR053omkH9jcrOWlFi8ZNZFmqOfBy_vQRY', '2020-11-03 04:25:04.636294'),
('pic10bjeh798l908bnh14cpjzvtu6a3p', 'eyJpZF9sb29wIjoxLCJkYXRhX2hpdHVuZyI6MH0:1kLNNu:Yd2CZ78Fzhjgjnajc0sWwIWI3KWuSlZIhzGDNb5KWos', '2020-10-08 09:17:50.475580'),
('pprzhj6a7jqa6ja0nsseq5b8bi0spe6w', 'eyJpZF9sb29wIjozfQ:1kUPH8:iToE9x5VOS15zSLKmexsXDnEzT2oDJDtVh6FzGvWuF0', '2020-11-02 07:08:10.809385'),
('prj1vbk0b93fehanekf6e4n89lso2ro5', 'eyJpZF9sb29wIjoyfQ:1kT0v2:iLf4Z736p4AFsLfYiscfpQFpD_kWGg8lKDh1GvVQO9w', '2020-10-29 10:55:36.474128'),
('psl9fda8kei4zry0wzb3580euxclo4vu', 'eyJpZF9sb29wIjoyLCJkYXRhX2hpdHVuZyI6MH0:1kKaES:T0iW5m6_2ysMt5WyN5nMxuMU1mEX55CXQ7qn0foTcSs', '2020-10-06 04:48:48.514182'),
('psmnaryjj7ew4w2vikloetdy93b9ypmt', 'eyJpZF9sb29wIjoyLCJkYXRhX2hpdHVuZyI6ODB9:1kLLR7:gZyekMy4b60dvhHqoVal2UgOInBfafOG22by0Fg7olk', '2020-10-08 07:13:01.282286'),
('pu93wgn4elv4eukhlu1tiu9vzqen39wg', 'eyJpZF9sb29wIjoyLCJkYXRhX2hpdHVuZyI6MTJ9:1kT0Gx:k09FHQ07Nwm6n4LlYMD3JTMOKg3Y1Ql4pTi2okZnmoc', '2020-10-29 10:14:11.729370'),
('pv3ashiw79vxj4mkl2mghh37ytuntywv', 'eyJpZF9sb29wIjozLCJkYXRhX2hpdHVuZyI6MTExfQ:1kL06C:8T4F0HSx7kdU512qbPYTDm-39CZg78ysfkfjyXJw9ao', '2020-10-07 08:26:00.324344'),
('pyrh08fh5978c5yhlx05vqvuzjscufl5', 'eyJpZF9sb29wIjozfQ:1kJy5r:TgSwgf0wlDs19G_7AywUZsekrxHnOXDCy7eh4noaqh4', '2020-10-04 12:05:23.895302'),
('pz48a8r8g5fyc6c9kguvab3kj52hseih', 'eyJpZF9sb29wIjoyLCJkYXRhX2hpdHVuZyI6OH0:1kU3Sg:mXn_kap0WocadGc6sYlTTO6HdPSohbm6Qu2qiBXNnHg', '2020-11-01 07:50:38.038603'),
('pzol3gbwvuit9d3llnhew9dcjfu4wyek', 'eyJpZF9sb29wIjozLCJkYXRhX2hpdHVuZyI6Nn0:1kNpoj:Oe3Prr8uaL4pUi5LIUyENjWBekDAhMNtoWRqZoqlMZc', '2020-10-15 04:03:41.969434'),
('q0hv34er54hxa8u684ao1uoja5lyu1n1', 'eyJpZF9sb29wIjoyLCJkYXRhX2hpdHVuZyI6M30:1kKE12:t-5_FqYPl9IegEu-V-jBFiS1hJjdkPMHg0-vX6AWLvc', '2020-10-05 05:05:28.290517'),
('q1fmxzqjf7izp7agmfq4bfle4sgcz9a2', 'eyJpZF9sb29wIjozLCJkYXRhX2hpdHVuZyI6MTl9:1kKHFL:v_k6u4Z7Qm5Npr3RDpbJU_lR7lDQyBP6_kcPimRCqiM', '2020-10-05 08:32:27.753764'),
('q2qi87abnnfdrbpbj46f31qd5xwqo8vr', 'eyJpZF9sb29wIjozLCJkYXRhX2hpdHVuZyI6MH0:1kSx02:tjzl_t6yWT2Yi2vDrTin4cBFOXd9_n1F8NDOepoRbXQ', '2020-10-29 06:44:30.515781'),
('q63fcrv1smtlkqkz4rid9433ths6h3a9', 'eyJpZF9sb29wIjozLCJkYXRhX2hpdHVuZyI6MH0:1kTGZ1:yz3HK6wF7HHNsiJkwS1thjFxKoxYDZLTuhUyr4TArik', '2020-10-30 03:37:55.158363'),
('q8s93wpsipzhk1zoj9ns1cogcpg89b47', 'eyJpZF9sb29wIjoyLCJkYXRhX2hpdHVuZyI6MjZ9:1kTD57:pO86D0VdnSN5YbdpiPMAoFawQsRpEAr3cvIIg0jJ3zc', '2020-10-29 23:54:49.491524'),
('qi7bn1ckrzjjgrz5rkxasevq3ovg4lo4', 'eyJpZF9sb29wIjoyfQ:1kTGjd:9DLfe4aXEPDKkFFytiUaMkYZq0xzb-fLnKJG9mwnSis', '2020-10-30 03:48:53.093633'),
('qk6nrzptyhou6yuidumixd9iuw12s24g', 'eyJpZF9sb29wIjoxfQ:1kUPnv:RGpkpB17jWLbgRK1ksUD6YA1iRCtLq10RqPZM4wtpmE', '2020-11-02 07:42:03.706492'),
('qkzqamlbfmdbpubwq66njfhjdwku0li0', 'eyJpZF9sb29wIjoyLCJkYXRhX2hpdHVuZyI6NX0:1kNpqZ:EMCb1S6iArI4cVuqb3dcJe9BunAPka4eKy5OuICZWxk', '2020-10-15 04:05:35.334970'),
('qmjsufvbynq0p3e58hyefk3mk5pjuclh', 'eyJpZF9sb29wIjoyLCJkYXRhX2hpdHVuZyI6MjZ9:1kTCjx:5hrsWywOs1LLENmp-Ho7Sjbjpc-Et57_kA62VPSq0jY', '2020-10-29 23:32:57.393651'),
('qna22ccsjf643m56x4qr1zvmksapzi6q', 'eyJpZF9sb29wIjozfQ:1kTG5n:Xwnzp_mR36Q7b30hYFdHKKWOY9CQsMBPWPufqxWs1ys', '2020-10-30 03:07:43.426797'),
('qon73808l6scy6l8q468pxd4eprov912', 'eyJpZF9sb29wIjozfQ:1kT09E:_jTZJhmRZPmlytHO_ogJS70SWbh0_AujbTAWMPTnv_w', '2020-10-29 10:06:12.218307'),
('qpk0suuk0cr29dwa6ngozc62ezsb0hpl', 'eyJpZF9sb29wIjoxfQ:1kKDMv:xuPJ5yC5dflEV3GD3AdoxcarXc2-SJH39CVhXJ5bVVo', '2020-10-05 04:24:01.019324'),
('qra49wi73k0af9gjq9ero5hvgxtl046r', 'eyJpZF9sb29wIjozLCJkYXRhX2hpdHVuZyI6OX0:1kUjDr:QGzRQSuaYl-MC5-29E-eMZR-kZ61_TsEcwRu2mRCxTM', '2020-11-03 04:26:07.853474'),
('qtpuw7waihimk2niv007vvb0ezsj4wk2', 'eyJpZF9sb29wIjozLCJkYXRhX2hpdHVuZyI6MTJ9:1kSyta:NPfQi8DC9umcXcWO1It7yeGpVDbr4oh8kxqwxkN7krY', '2020-10-29 08:45:58.515074'),
('qu3u5wvc3rqxbdax9ltya5o6udm2d7rf', 'eyJpZF9sb29wIjoyLCJkYXRhX2hpdHVuZyI6Mzd9:1kKvJJ:WxrTMVpyLtmgi3m44WWpSQME7h4k2CL7vljMSU77sE0', '2020-10-07 03:19:13.794835'),
('qvywnmc5vuin8cmlc6vo3kmtt3wa5toy', 'eyJpZF9sb29wIjoyfQ:1kTCrW:tlG8scgbrfCj9xLj3UkFDWk8n2Llht7GGr8K5z3KbG0', '2020-10-29 23:40:46.276979'),
('qx3i16ofeyeciphmdsuctr82m0znxuy9', 'eyJpZF9sb29wIjoyLCJkYXRhX2hpdHVuZyI6MH0:1kTFf8:FbtJHyo1yAfYHQnRznbiQ8ZQB7fSCA8DMlSuE8LOQ04', '2020-10-30 02:40:10.339804'),
('qx753mfvpxnuebol3bppkti7a3vb6xkc', 'eyJpZF9sb29wIjoyLCJkYXRhX2hpdHVuZyI6MH0:1kKZWB:jbwtprI_nNFtBMKLEIvFP3h-lgzMuBNQCayvR8034iY', '2020-10-06 04:03:03.064620'),
('qyojv8fyubwptxk8st4fg290dcoxp088', 'eyJpZF9sb29wIjozfQ:1kTGZ1:47zNO_EB2BNfjAl3t1NKsNJ_UmKJGFlT3GBCDjSgH6c', '2020-10-30 03:37:55.016359'),
('qze0zfjiaoz38g067z72cf7n7zgov3j7', 'eyJpZF9sb29wIjoxLCJkYXRhX2hpdHVuZyI6N30:1kSvaG:iqdtbZQzRTdiEfobFrnc6lnFX8woBRK19UfxxJuqn0o', '2020-10-29 05:13:48.423153'),
('r0goplmijg7dme4454210mez4o8q1qs4', 'eyJpZF9sb29wIjoyLCJkYXRhX2hpdHVuZyI6Mn0:1kUPYf:Z4zj7C-fqVZ4p5a8oNoRFvYeZp6pwRAO9dPnVNLH7wE', '2020-11-02 07:26:17.513141'),
('r0z0im9g9cw5fs4wi6v0gcvqxsovsywi', 'eyJpZF9sb29wIjozLCJkYXRhX2hpdHVuZyI6MTJ9:1kKGCf:mPVUua0BudMqYV3SMU9uN0KwSIegPXG8KEfPTVSdtlM', '2020-10-05 07:25:37.820999'),
('r25aba6nb821cpoz7o67ep1wc7k0dad9', 'eyJpZF9sb29wIjozLCJkYXRhX2hpdHVuZyI6MzB9:1kT1OB:m9zD5dY9lZ8FueT1ygi565apa9pIc7DtmitWWESGuAY', '2020-10-29 11:25:43.280723'),
('r35pbzkdpnthwbwvbzze12ck60k14jhg', 'eyJpZF9sb29wIjoyLCJkYXRhX2hpdHVuZyI6NzV9:1kLKPv:Z9YPJOF7s_4mTdqLAnAQYM3bcma7oO0AB8mgi0-rgjQ', '2020-10-08 06:07:43.751660'),
('r41kshi67ng6graziknus4mdo4kxcon4', 'eyJpZF9sb29wIjoyLCJkYXRhX2hpdHVuZyI6OX0:1kLMyl:r3RR-24kJ4h1BpzpcnfWn4Tdc8tSUlbAo_t_RbSlJiM', '2020-10-08 08:51:51.333151'),
('r4e20yabuadt0nq4i18tf9q3d3lghb7t', 'eyJpZF9sb29wIjoyLCJkYXRhX2hpdHVuZyI6Mn0:1kTFzj:D8yuocdZnXr9V8OZInWJ7WphPizwFWdrKYs25QGihxg', '2020-10-30 03:01:27.132061'),
('r4mx6eyucpj3ckur14knkud2jumne7lh', 'eyJpZF9sb29wIjoxLCJkYXRhX2hpdHVuZyI6MX0:1kTGQH:T-xUvU3Q7vI_A7KUQZHA8cjY6EP5-IMtusLbDufyphQ', '2020-10-30 03:28:53.003012'),
('r6s6epnjibnotez2vpbsnd2onb0zogj3', 'eyJpZF9sb29wIjoyfQ:1kTFzj:fwiNCetoLIWba6g-db1yXkWlnSyUTbi12PYXIM3T_3c', '2020-10-30 03:01:27.635609'),
('r7pj0np051ea1pldlhftf5ud5bvsn2y0', 'eyJpZF9sb29wIjozfQ:1kKDKV:qqsDHBMGUjgsPeZFcwS9IUlF_8g7Kkr_LtJ2fg5nUyk', '2020-10-05 04:21:31.504564'),
('r896yv12hxr9nupy8tvk31fqtcxe6no2', 'eyJpZF9sb29wIjozLCJkYXRhX2hpdHVuZyI6MzF9:1kKvap:PDI-3huspD5GXHs9XXQ0UuXPWpAiAuUiCCajcIy8qIM', '2020-10-07 03:37:19.400627'),
('ra90xp6vv4cq5a1eh2lelax6helzs77s', 'eyJpZF9sb29wIjozLCJkYXRhX2hpdHVuZyI6MTJ9:1kKGYY:paMjYCJ7pgBLMoBPeBo4nX8v3G4z_TGi2d7GRUvdnXc', '2020-10-05 07:48:14.913623'),
('rc9eq46lnbcnn000baaqufz5r9cvtunt', 'eyJpZF9sb29wIjoxfQ:1kJy2W:oljhN59G_HKAY__bNMCXq6TviRLHjEpHiiG0NtCznq8', '2020-10-04 12:01:56.586428'),
('reyiygvp6j0vw5e2sdkizz4iyo3jpsor', 'eyJpZF9sb29wIjozfQ:1kTGD0:_eoNj3JBY0qmzUkuhTA4zRF2mRseSLVn7bLS8gDLn50', '2020-10-30 03:15:10.514029'),
('rjb5inb2sx7ikslw72txwtssn0jny5b6', 'eyJpZF9sb29wIjoxfQ:1kT0cT:gM3mey9OIpAN93iXz1WwS1wecuF783JIl5IFqGhZQU4', '2020-10-29 10:36:25.410745'),
('rk5gyfv89z58ahx2in3gklb19x1tzndu', 'eyJpZF9sb29wIjozLCJkYXRhX2hpdHVuZyI6MX0:1kKDkD:gym6E5S-KgT-yXg65yFF4mjp1XNEwzbeshz-QXDiVJw', '2020-10-05 04:48:05.458253'),
('rksz5musqb09h9tkgv9zzh7zfah53atx', 'eyJpZF9sb29wIjoxLCJkYXRhX2hpdHVuZyI6N30:1kUQ2G:ZsDicp8JAC2CGA570fID5CQCrUn9c4YarDUAMCP-OvI', '2020-11-02 07:56:52.958894'),
('rms4eur6s1fy7f91fu3n26awyycv0y4i', 'eyJpZF9sb29wIjozLCJkYXRhX2hpdHVuZyI6Mn0:1kLLvG:cCYmcKhL1C7BiGU784DjRAG1DM2G-v2GCfawzPO5SIQ', '2020-10-08 07:44:10.191553'),
('rn0jmrpxvx8j7mtavms3cz31liw89jct', 'eyJpZF9sb29wIjoxLCJkYXRhX2hpdHVuZyI6OH0:1kUjBp:fcCzC4VZuIFtobW4rs4In0zNkiDj4xQlvzZ8RPK9_rQ', '2020-11-03 04:24:01.113620'),
('rn3bqwfct7qge84yvkmiu0zqmz0sdaou', 'eyJpZF9sb29wIjoyfQ:1kUPmE:Vb2uWLdANe9viBSOqviyqwzy3j-PT886eG8xGFP7e6M', '2020-11-02 07:40:18.084549'),
('rp9o55npzk67ykrz7omewcf4d1qcw5vj', 'eyJpZF9sb29wIjoxfQ:1kUjCq:VpI8DiatkDaOkgY_WWeZ2wZArisiSPLMIbDGbV-yM3w', '2020-11-03 04:25:04.873265'),
('rpc7r0fmlvp3xrt977xnrs8ydyazlxf4', 'eyJpZF9sb29wIjoyLCJkYXRhX2hpdHVuZyI6MH0:1kTFJJ:UkFBfo4ta8GIJ1DSTwwocDFBsyQvBaKhmEIxECgVqPQ', '2020-10-30 02:17:37.423674'),
('rqmbpfkkhcxm4gdfl3ikiqz8ax6jmpy0', 'eyJpZF9sb29wIjoyLCJkYXRhX2hpdHVuZyI6MTF9:1kKG7o:qVPctfSu4vXiVf7WfFt09htzyyz9hSKCLfARAb1eW1w', '2020-10-05 07:20:36.444773'),
('rs6ybcce8lvl677bi54py89snod071k5', 'eyJpZF9sb29wIjozLCJkYXRhX2hpdHVuZyI6MTV9:1kKv1c:fvIMLDmWnapt6o0Wg7Y2G2yLSo3eOzZia5JgrAwQ8o8', '2020-10-07 03:00:56.513720'),
('rwjr0h8c644j44b5tu8v1em25he9swks', 'eyJpZF9sb29wIjoxfQ:1kU3eD:z6o1_ZdPHSt4u-MRdnpVNvJu26tsWZ3MgWj3q74Y9rw', '2020-11-01 08:02:33.777857'),
('s02rscee8y5dxtj29aaxd2e96x8on92n', 'eyJpZF9sb29wIjozfQ:1kTFHc:WaHwIgU35PstpeXePZNAP8OLOMqtHk5t5S-p8RWRhXg', '2020-10-30 02:15:52.391182'),
('s3qwk2ihgxwfgm6nuvuplzjvk3jczdb2', 'eyJpZF9sb29wIjozLCJkYXRhX2hpdHVuZyI6MjF9:1kT0Fv:fZcWpktfVM3zpIcunCk5vKEA0nxFj6tEjVfSoyAOHf0', '2020-10-29 10:13:07.263201'),
('s798l9s1y2xrbe10amupvzwl8o04kny7', 'eyJpZF9sb29wIjozLCJkYXRhX2hpdHVuZyI6MTh9:1kKH1R:haKC6BRWHd_Dvc3MaMlzbMxqAUIuh1Kr6vhPjdYKIxA', '2020-10-05 08:18:05.485814'),
('s7tvrbo4eve07lqkbzkxk3tczg6mhbco', 'eyJpZF9sb29wIjoxfQ:1kV7Yy:TFsE0W6wscsQmOs1cPquetve5fQ3qE2q2EsFIhSVSXQ', '2020-11-04 06:25:32.996498'),
('s7wa60mdc1na31ve2muk4b57rlah3q2h', 'eyJpZF9sb29wIjozLCJkYXRhX2hpdHVuZyI6NzJ9:1kKyLO:Y0-qINaCp77fM2R-KTqreZXP0_-LmS1B98gtFPNZFrM', '2020-10-07 06:33:34.963791'),
('s842728jtnncyejvv2q0c3zunyqtufgu', 'eyJpZF9sb29wIjozLCJkYXRhX2hpdHVuZyI6M30:1kMntK:0iIAwrtn0bwo4jQRk7PD1B94QORZPgk1TO3pms_Vzuc', '2020-10-12 07:48:10.139888'),
('s8jketkyq7kt5ccwy9azlp6mdkjypnby', 'eyJpZF9sb29wIjoxLCJkYXRhX2hpdHVuZyI6MjF9:1kT0TJ:v1gDMHOmCeQ_AtCGOZ1-n_Mczsg7ceV2P-GajYgnXxA', '2020-10-29 10:26:57.517296'),
('sa683ds46fd56hm9vu0003ogvl9m6zl6', 'eyJpZF9sb29wIjozfQ:1kT07L:e2fMOC_0PDMuxw3OSLkhryxyx2If5j_QcE-jQXmcRHo', '2020-10-29 10:04:15.890047'),
('sble1wvwk7s4pvxp72fp27t2zydm39kt', 'eyJpZF9sb29wIjoyLCJkYXRhX2hpdHVuZyI6Mzl9:1kL3SX:wMJ5MihguqPAim_mxhR-N2HRUyt6mBok3n51d4KIvA0', '2020-10-07 12:01:17.593981'),
('scp4r6fq3hygecthxfk1iogsvbnz7m9o', 'eyJpZF9sb29wIjozLCJkYXRhX2hpdHVuZyI6MX0:1kKalp:mEm0TpljUC8dYnlhHszgfer4thU3VXT7g9L9Lv31Ru0', '2020-10-06 05:23:17.844868'),
('sgb1lgq41pbjin50x8djndgb2oydvd7t', 'eyJpZF9sb29wIjoxLCJkYXRhX2hpdHVuZyI6MH0:1kLNL1:TdCtOda4SFULqQACGhXPjsG8WLZrlbUo6QUfeL3lV4A', '2020-10-08 09:14:51.378772'),
('sh22kf7l3qoxzb5nnq6r1ubggl36vlrx', 'eyJpZF9sb29wIjoxLCJkYXRhX2hpdHVuZyI6MTh9:1kT0C9:WwluS1RC1kX4BeHt35TN0w2whEPKRUNeGYJoBUxTYYs', '2020-10-29 10:09:13.159403'),
('sh3fu5qnf6jmqmnfeiefyhp572k5ycpm', 'eyJpZF9sb29wIjoxLCJkYXRhX2hpdHVuZyI6MjJ9:1kT0VJ:eCw9OHzQLmy9uLOwixzv7LLTYZS8bSDRvoeMqHrgqQg', '2020-10-29 10:29:01.089955'),
('si6xhxyvnxtlz2yatz2f2v2j6aga3929', 'eyJpZF9sb29wIjoxLCJkYXRhX2hpdHVuZyI6NX0:1kQRd7:ytkTzgxm6evjex3rwADFDM1KSnBzsExl9HpHaJUTXfQ', '2020-10-22 08:50:29.163334'),
('smilhlcviotwxjombqa0pdxu85zbpgnl', 'eyJpZF9sb29wIjoyLCJkYXRhX2hpdHVuZyI6MjZ9:1kTChR:oaGPEPcCh_GoQX69yyI0079lSS8yfz_3rzMrtLt6Vc4', '2020-10-29 23:30:21.047542'),
('stejegw0xk1ottji2l1h50r5mo8wgcqf', 'eyJpZF9sb29wIjoyfQ:1kJyC1:A-eRqfHcB5hEubq2UAWzLqVz9v6rElxzpSZlNMCzwkc', '2020-10-04 12:11:45.514528'),
('stq20g3yta9b65sc5wtf590f3fx23l0t', 'eyJpZF9sb29wIjoxLCJkYXRhX2hpdHVuZyI6MTV9:1kSzGv:wKgXZu0EcifmYLxbPcaWghvb5iKcD9wmQzMhCqmwZLs', '2020-10-29 09:10:05.141682'),
('su7rxd9ej0kumcug4azxm803rhrw3nqw', 'eyJpZF9sb29wIjoyLCJkYXRhX2hpdHVuZyI6MH0:1kUPM7:0v7qYSIwOdeDyBPB6fumakr31BCfzbkjqLBYXsD08pw', '2020-11-02 07:13:19.209636'),
('sw96tcy679r81blwcc0uepazm6nsmi7f', 'eyJpZF9sb29wIjoxLCJkYXRhX2hpdHVuZyI6MjZ9:1kT0je:vS2rYuOBSWSp8M2VeMzz5DQYl7qOr07ZwtU2Co5W-WM', '2020-10-29 10:43:50.334198'),
('syjpaxlbmqscbcaiwub9vb34odvq2mlw', 'eyJpZF9sb29wIjoyLCJkYXRhX2hpdHVuZyI6MH0:1kKZ14:DwwVWwrsnfC1UdhDaVIeJR0K3RYSpUStiPhyMnraftk', '2020-10-06 03:30:54.090130'),
('t0gd1xcqq8c8we1wlws4zzr4o6gwlc0o', 'eyJpZF9sb29wIjozLCJkYXRhX2hpdHVuZyI6NH0:1kLLxt:OYuCsv69SZ2dfLyuAqOt4K5np86fV2GUaKO0zyVegMw', '2020-10-08 07:46:53.176259'),
('t15halju7at1daujqlasi43u76h0wsgx', 'eyJpZF9sb29wIjozLCJkYXRhX2hpdHVuZyI6MTB9:1kKG6F:666yds9X4FVl7rvC2X50QOW0tOIuVdss-uTCPgQyeB4', '2020-10-05 07:18:59.011042'),
('t3kd22f0chtgarynoul695ioadhfxrlw', 'eyJpZF9sb29wIjoxLCJkYXRhX2hpdHVuZyI6NTh9:1kKzFD:YpQXD9ZNV6Ljya8M52frYzTLrq2O2n8mDsiMXccdL90', '2020-10-07 07:31:15.219611'),
('t3wphljg6vio44phb377slnj4rieoc94', 'eyJpZF9sb29wIjoyLCJkYXRhX2hpdHVuZyI6MH0:1kKE47:tr-tatPufbNhOfvOu-3ZNRDtNfG2zCD7lYxMIOFDzTo', '2020-10-05 05:08:39.392985'),
('t43t5dtkjsmusf26gpt3hemhki1u6s1l', 'eyJpZF9sb29wIjoyLCJkYXRhX2hpdHVuZyI6MTh9:1kT0f4:wfK4cEGOAJKcX3WUx4qKwGnQpuY5fhtAEMMAyJdJLyA', '2020-10-29 10:39:06.023826'),
('t4gmv45kui9y8hgd0sw1jxdu2xr02yh7', 'eyJpZF9sb29wIjozLCJkYXRhX2hpdHVuZyI6MH0:1kTFi7:IcA6GRzdNvvi5HS9RtlcFPfWckw8wudQVGeeXKz6jNc', '2020-10-30 02:43:15.594865'),
('t5ytnj1wo28e467hy74y8k641qnz2bln', 'eyJpZF9sb29wIjoyLCJkYXRhX2hpdHVuZyI6MTN9:1kNvA1:nLgO6XX9qE5-AnY5TjYIJ6tQdKhw2rlN3wwaF8ND92I', '2020-10-15 09:46:01.611038'),
('t6u6o1nkauvrsg0om60eat74d4emk5vp', 'eyJpZF9sb29wIjoyLCJkYXRhX2hpdHVuZyI6MH0:1kSxxl:LP5aY_8d-alb6YU-KbAtwFabYjWrMRAh3YMNpKHl1QM', '2020-10-29 07:46:13.150113'),
('t6ugoif61sih1zwpftvh9t6cxt4gy6n4', 'eyJpZF9sb29wIjoxfQ:1kTC7M:oCh7wI6EK0npoOJ-AoVh8TKFsKGKNIqlmjcIsE-L2pk', '2020-10-29 22:53:04.340459'),
('t8aablbyo1rrxt92mi4n0399dmjurz52', 'eyJpZF9sb29wIjozLCJkYXRhX2hpdHVuZyI6MTA3fQ:1kLGxp:-WWj8CgGyFH3I-hwGIHkI5NNlGveHO-kQBD8DP3w9xA', '2020-10-08 02:26:29.392998'),
('td19dbhqemte37jx2dmzuhsp0q0x3y6i', 'eyJpZF9sb29wIjoyLCJkYXRhX2hpdHVuZyI6MH0:1kKFGd:5lx0tQJOFx71xGGnP6jbWHnKkPsvK9ivZ_CL7SPT5Ng', '2020-10-05 06:25:39.856747'),
('tf3dpvuygn00uukhhzeyg4t0l1f3f57b', 'eyJpZF9sb29wIjoxLCJkYXRhX2hpdHVuZyI6NH0:1kKE3h:03hbas1ydPbqanZooN05j7ec2aWCBKb_LWwtzYgKhQg', '2020-10-05 05:08:13.918225'),
('tfav4qoznouroujblhg90hxiejfa1lf0', 'eyJpZF9sb29wIjoxfQ:1kTD7Q:k355jQmUc-FmOTb9wAXPhU5yRbcfBBL5_SxmRQOMNC8', '2020-10-29 23:57:12.866932'),
('tg6g24cqkoaaber2xpzqfbg76nhlgmof', 'eyJpZF9sb29wIjozLCJkYXRhX2hpdHVuZyI6MTd9:1kNvAQ:GKzz1rY-O6b8cWw87ICUhC0ADBIobA2df5ZWKjZdXI0', '2020-10-15 09:46:26.811863'),
('ti0ejtq2homqlke8rqtbuxm59ab3ia2n', 'eyJpZF9sb29wIjoxfQ:1kTD5f:GuD_AxoOW5MB_W1KGdcEkE3MU6m-GngDF1jBHzgying', '2020-10-29 23:55:23.087051'),
('tjywnb7e4wfcdzk287iv1if83okh3fdt', 'eyJpZF9sb29wIjozLCJkYXRhX2hpdHVuZyI6MH0:1kSweG:NQX30VOYZ1QTnIIlfzeqrG4LH4pYYNQW6JLb-ez4bGE', '2020-10-29 06:22:00.291198'),
('tnjtxa3gmo9smrth7fbtpla80takh67i', 'eyJpZF9sb29wIjoxLCJkYXRhX2hpdHVuZyI6MH0:1kN7Iv:iRlzHae-xUM9vaUJRzrl7J6MvbVIPpz3e0vCM-5_tAs', '2020-10-13 04:31:53.886956'),
('tp1i6d89y8ojn06y8gluph0qd7l9lvej', 'eyJpZF9sb29wIjoxfQ:1kUQ2G:TpxR8KiTS-pDxDS6ilmJqQV29FlrNUFAVfokqmyre1Y', '2020-11-02 07:56:52.082900'),
('tp5swomob26g5eu53ol3kns0zdj3xxs8', 'eyJpZF9sb29wIjoyLCJkYXRhX2hpdHVuZyI6NDV9:1kKzFy:bYqGHreClyiUAxKIn5H5xRHue5EeGPyCUAZo0DmJ4CQ', '2020-10-07 07:32:02.212985'),
('tp9z7234xsyhdk0figmyp0c7e8s9w16c', 'eyJpZF9sb29wIjozLCJkYXRhX2hpdHVuZyI6MH0:1kKYxy:Fnn1oglGqGtBVxplM-fiZ0OMZpks7dUGzIJjSnVlMms', '2020-10-06 03:27:42.468459'),
('tq97zsj5vt4idcape2ztkfyz0ori0d1i', 'eyJpZF9sb29wIjozLCJkYXRhX2hpdHVuZyI6OH0:1kSv3d:FuZBfOIt0so5vKuQYv4zNjDy1wA6NwqQyMX9fsSIWzM', '2020-10-29 04:40:05.312536'),
('tqvkz8a7bu62xoh7lqesiu797x6tdn38', 'eyJpZF9sb29wIjoyLCJkYXRhX2hpdHVuZyI6N30:1kRpxK:sbD7lROi2W31G_E9PVpIINGP-nXJBTiPDKxFZZcuOAs', '2020-10-26 05:01:06.838784'),
('trp07r6nlcw0as1hka45n7hi80k9ja0w', 'eyJpZF9sb29wIjozLCJkYXRhX2hpdHVuZyI6Mn0:1kUPcS:ef5WynrvuxHxR6NDWvzX1FfIS6de9Y_d7paj9XaLuus', '2020-11-02 07:30:12.321645'),
('tt9ky16rjvldwjues1zgv39p1srdfqlb', 'eyJpZF9sb29wIjoxLCJkYXRhX2hpdHVuZyI6MzV9:1kTFDP:QlSaEZS721bvGTCj0s4A2mJ4oWomfohugtQeKgVZvso', '2020-10-30 02:11:31.184641'),
('twwrijbqaq64j8hv2ye3a98tcfcw2yzs', 'eyJpZF9sb29wIjoxLCJkYXRhX2hpdHVuZyI6MH0:1kUPSZ:OS7GsjT6pl4_lZgOBJWFMhAbRwiL8YXh5fezgBOJ-CA', '2020-11-02 07:19:59.287576'),
('tza1nlpcpkk201opoipzubdu4ytb5wfe', 'eyJpZF9sb29wIjoyfQ:1kTD6S:Utv8qgLf-MwxAZyRfkjCFjEjZKPDSsoe6PuIm1qb4H8', '2020-10-29 23:56:12.682852'),
('tzd1hjz0dp6o3stw4hdaazfq0uyalx0n', 'eyJpZF9sb29wIjoyLCJkYXRhX2hpdHVuZyI6OH0:1kKFgx:xVqYxdwDVQ9s_Wd3fXoP1i2qey-Sm0EwPDpxMi9CNr0', '2020-10-05 06:52:51.678850'),
('u1f3d12xeuyfn37wyywltk9xy2t26ktk', 'eyJpZF9sb29wIjozfQ:1kTFi7:ciXyZMx_Z--yIvWzor-RlRm81TuoVC2LoHr1yB3cC0c', '2020-10-30 02:43:15.218423'),
('u1tr4v8w30bt2v1c06jzfhtj5bsok3pw', 'eyJpZF9sb29wIjozLCJkYXRhX2hpdHVuZyI6MjV9:1kKvCz:PX8Wvu2jX0cNl18LS99JpgldiKaIN4A2FxXcmgGD9EY', '2020-10-07 03:12:41.827484'),
('u1xciw44ndhyr79wggvbdctx7hpy1jgs', 'eyJpZF9sb29wIjozLCJkYXRhX2hpdHVuZyI6M30:1kMnaX:hEmyvlrm-qlUP93Rx2liYNUDQuWRoicvlXIQTLmkyHU', '2020-10-12 07:28:45.675642'),
('u2hurjik35jkvkvh2n1yfonx564v85no', 'eyJpZF9sb29wIjoxfQ:1kU3VJ:ZBtPmD8yjp0--umhZBfmmgY2L5_bpFQ41ymN8PcOSMA', '2020-11-01 07:53:21.054425'),
('u2vl4ynq9y8lo5e9xv0xtfo4zd49dvnv', 'eyJpZF9sb29wIjoyLCJkYXRhX2hpdHVuZyI6Mn0:1kTGC9:UdFM3gEh5eaaEZ4bPPDnkq5hPHdQe18CNwdGWSwQeKA', '2020-10-30 03:14:17.886209'),
('u3lalrl61xvvuyzbrfxazthlm8x665cp', 'eyJpZF9sb29wIjoxfQ:1kT0ZA:Qb4fAyIWcasZgPzNmo4hGMwzgxZ37_Qs2tTEf2xVmDc', '2020-10-29 10:33:00.024388'),
('u3v67nttcmr2cijis16hopqdr64ga7t6', 'eyJpZF9sb29wIjoyfQ:1kTGNy:Ec2UYQZ0R-3ROkSe4BYk1rOdRV4h5FUuPeGqJlOpLjg', '2020-10-30 03:26:30.364755'),
('u4sq2hzbclwbiks5nzgbhn52nbv1719c', 'eyJpZF9sb29wIjoxLCJkYXRhX2hpdHVuZyI6NjJ9:1kLKY3:RJot9S-76h1Cz55MLUWNYikWBpAo41qrRQMWOnuDrVc', '2020-10-08 06:16:07.261110'),
('u6aq37dbewrbx3tvuqpalo9hyvwxnqim', 'eyJpZF9sb29wIjozLCJkYXRhX2hpdHVuZyI6MjR9:1kT0ia:w9GGYllMrMjiBGlYKbNjC9kOviMrnaqqDIRtvQjdTGg', '2020-10-29 10:42:44.138675'),
('u9anybpjwz0ghvx7ldd78jsppxquj3p2', 'eyJpZF9sb29wIjoxLCJkYXRhX2hpdHVuZyI6MH0:1kNqBZ:2Sh1GCAsy-pJX_BSqQEADKkCb5klFQM4QA9TX1QN87k', '2020-10-15 04:27:17.043026'),
('ubteyc523w8w8xx8eomtjhhgni8n6iux', 'eyJpZF9sb29wIjozLCJkYXRhX2hpdHVuZyI6MH0:1kTFz1:R_FUGXeTVcXPfHT8woxiZJ7LU1MM8vRHwXTmfRPlK-Q', '2020-10-30 03:00:43.782348'),
('udaqhicm1q5qy4aajgjj4hix01s6b0z0', 'eyJpZF9sb29wIjoxLCJkYXRhX2hpdHVuZyI6Mjh9:1kT0pG:3jm2eQcGtLMqekATDR5r0UZq7us34g_9jyFrP1_eZTM', '2020-10-29 10:49:38.778132'),
('ue8dsgs9aadfvwypah8rj4t97xcfew2s', 'eyJpZF9sb29wIjozfQ:1kTGEt:2LmICLsmuplAcLXEOIqRxRf5L7-kqpvn_QxNC1JmqZA', '2020-10-30 03:17:07.090270'),
('uflaasjyiegxdvvhci3uztl422jxa923', 'eyJpZF9sb29wIjoyLCJkYXRhX2hpdHVuZyI6MTB9:1kLNH6:qTb4v6p8tNr7rlV1X98PBxEd_xTpzEzMaLk2e5rbOTw', '2020-10-08 09:10:48.596928'),
('ugnaj7vxlykzysn4i2noc825ke75o0ar', 'eyJpZF9sb29wIjoyfQ:1kTC9l:gXfMQiDfLKFNDXL16-EPxaoy5o6PqqG-Kyx6TapV5tk', '2020-10-29 22:55:33.622908'),
('up06y7a8hzmozbwb4y21qdxvqvq7gc28', 'eyJpZF9sb29wIjozLCJkYXRhX2hpdHVuZyI6MTE0fQ:1kL0Py:nxTc6eOHMs516MbwKcaZzPEB0dAgqljvDJBhq8mepfM', '2020-10-07 08:46:26.082995'),
('upgafqc3mkkn4p5th2pkyi1sq7re3yii', 'eyJpZF9sb29wIjoyLCJkYXRhX2hpdHVuZyI6NzV9:1kLLP9:UmXFgj_rBrZvEww0ar6l1z_tosCiQrev03HU3vZKIYY', '2020-10-08 07:10:59.721400'),
('ur84heqc6x68z9dc9r0rwetajxco9hbo', 'eyJpZF9sb29wIjozLCJkYXRhX2hpdHVuZyI6MH0:1kTFKg:s-ex54tjpZN6UoZrGO5WjO1J8Aigoq9wfbBuLl_e7QE', '2020-10-30 02:19:02.274534'),
('urkjwas1wgxnbt77yjl9q88ignb0u8w8', 'eyJpZF9sb29wIjoxLCJkYXRhX2hpdHVuZyI6MH0:1kNpDA:-k9Lzaeo6fxA3_y_OPTEKEjFDP7kagehMi7_Udi3Z5I', '2020-10-15 03:24:52.604721'),
('uugxsnrrpzcpr3u425vbdznjkccmxub7', 'eyJpZF9sb29wIjoyfQ:1kT0f4:83EybcsyDC_tiXH-vZgDDLrvOk7KJu88O55OqokOCFk', '2020-10-29 10:39:06.310661'),
('uybgviv4ta4a4ex2e3634l82vqsm3x9c', 'eyJpZF9sb29wIjozLCJkYXRhX2hpdHVuZyI6MjB9:1kT0BR:aUZGTD8xiUAWEG8_enavuh6eN7H5QZHlytEUmVVud2c', '2020-10-29 10:08:29.999926'),
('uz07hqf73j92b19tw471qna3zjn6ibrc', 'eyJpZF9sb29wIjoyLCJkYXRhX2hpdHVuZyI6M30:1kUN1i:dzNVD1PwTzSmm0UrnyFnXMNCbB455ErpwZbiKvYEsC0', '2020-11-02 04:44:06.316288'),
('v215aml0f7vj0fcbh0vd3t6mothm55p4', 'eyJpZF9sb29wIjoyfQ:1kUPM7:HcV_hW9fbQJauOeBNxMRqGF-rqbE-cV3X8VF_1q1w2A', '2020-11-02 07:13:19.318639'),
('v3ohkol7o3ni6p6dppx3s1cfe8386969', 'eyJpZF9sb29wIjoyLCJkYXRhX2hpdHVuZyI6MH0:1kKZGC:Na3KriokR6dC-4YtzRXMzFOxwvraNh4jAkFPT-o4s4A', '2020-10-06 03:46:32.940479'),
('v40016gpvs18jut8gtr1o2tsvd3l09db', 'eyJpZF9sb29wIjoxLCJkYXRhX2hpdHVuZyI6N30:1kSuXh:dYAPVnNrVoUeNl7erkEdkT7VuyQUU9KOGHx38wYYuXo', '2020-10-29 04:07:05.520501'),
('v8ixmw8inezg46oayftx8dm9bqz98b67', 'eyJpZF9sb29wIjoxLCJkYXRhX2hpdHVuZyI6OX0:1kKG6j:THIlY2AuGl1JrlH1JPiZlX0BkSYLJJz49pjYJ2EPnCM', '2020-10-05 07:19:29.098333'),
('v9zmovlz7qnh3jr7hrq7rbnwf7avoi9z', 'eyJpZF9sb29wIjozLCJkYXRhX2hpdHVuZyI6MTI3fQ:1kLLMh:iP1Abj_ZhmUv8Kv5wOiagTfdKLQwvEmLxrqCCNp44ss', '2020-10-08 07:08:27.050143'),
('vbsn958fqrpy740jol28o2ujwcmrjufa', 'eyJpZF9sb29wIjoyfQ:1kTKD7:gYCwGBiAmBQvaSFIcoo-PPVnQ1lla1W4VfOykCB0llo', '2020-10-30 07:31:33.278306');
INSERT INTO `django_session` (`session_key`, `session_data`, `expire_date`) VALUES
('vcpa774lt5ymjyumycdn7o7mije5uj4z', 'eyJpZF9sb29wIjoyLCJkYXRhX2hpdHVuZyI6NX0:1kUPmp:JkC8wKCkuNUuTigztrGBQt9H456dZDNKju4tHcN1OvE', '2020-11-02 07:40:55.814822'),
('vinubyxbyh2ctow2f0laqbahbx02aqg4', 'eyJpZF9sb29wIjozfQ:1kUjEZ:eJKJn_OI5f-mu9XyMwP1IZoIR0jLjLYSKwE28drqap4', '2020-11-03 04:26:51.899614'),
('vkao568ocgdync3lyta24w49p737mjqs', 'eyJpZF9sb29wIjoyLCJkYXRhX2hpdHVuZyI6MX0:1kUIgC:d56hQHJNRgHTDg9B5gDE_2ohWUwFYqyDD3fagT5LwAA', '2020-11-02 00:05:36.463650'),
('vnc5seaqttmb96yti72l0ik0in9arkah', 'eyJpZF9sb29wIjoyfQ:1kTJuk:Id-W1jAyW7XYys2o1zJ2Gwp5Lg1OskcUrWVTrg5-BFI', '2020-10-30 07:12:34.726768'),
('vnug9jszmuvqg7o1bdtr98yfkx8aqu0j', 'eyJpZF9sb29wIjozLCJkYXRhX2hpdHVuZyI6N30:1kSuY8:a_W14EnuhbYx2RTZX1o7hkt_N7m96pIbH0Trd6HT02I', '2020-10-29 04:07:32.493477'),
('vsgnsae8i5y17m506w86pgi26bfr5mb4', 'eyJpZF9sb29wIjoyLCJkYXRhX2hpdHVuZyI6NDR9:1kKyen:PBCF7HTEuTZuABRDsffMu18_TkIAu5Vo8phyQvdsWgU', '2020-10-07 06:53:37.654056'),
('vvmf8jxpa2ygg2s9ddl0oj75hffne89n', 'eyJpZF9sb29wIjozLCJkYXRhX2hpdHVuZyI6MzV9:1kL1By:fKzEGnH167sw_ytsxsfOlIUQkwNpGrrulm6uN7oGwC8', '2020-10-07 09:36:02.019580'),
('vwl6jhjfypd9aadw4mt58prbj3ro43m9', 'eyJpZF9sb29wIjozLCJkYXRhX2hpdHVuZyI6MTZ9:1kSzR0:22IFYeXKUw4DlwJmoNDb2SbD9SDumPC1OhZ3Kz-bMPk', '2020-10-29 09:20:30.766019'),
('vxrk7jnls9b2yqvqemjeu58e7ab42cfr', 'eyJpZF9sb29wIjozLCJkYXRhX2hpdHVuZyI6MTE4fQ:1kLJbJ:hytSp2b5KO1RaUw1apSAmOlQT4B2pVam39O6c_kQ0WA', '2020-10-08 05:15:25.454135'),
('vysrqqic4awqwbpagtzi9s20r7hbm17o', 'eyJpZF9sb29wIjozLCJkYXRhX2hpdHVuZyI6Mjl9:1kT1Js:VeD57U23MD2r7L5zA7RaziAd59CRxN4z9h7ulFupHZw', '2020-10-29 11:21:16.203806'),
('w3mnvpl6uuf25wisns0f2wiugfzig35u', 'eyJpZF9sb29wIjoyLCJkYXRhX2hpdHVuZyI6MTB9:1kSzTC:u_lTR4nVOkNwfKZYr5KS1MoTgpgienIg6XEKcEH9p3M', '2020-10-29 09:22:46.255917'),
('w3uqd8wpwqq7xcxd5r2qk3c7totm9hnc', 'eyJpZF9sb29wIjoyLCJkYXRhX2hpdHVuZyI6NTV9:1kKyZP:EhzM2jktfzGBYG0S4nGfT8nnRyBMULdm7xLxMzTzFbg', '2020-10-07 06:48:03.130968'),
('w4lj5ta5rhjg00sff3d3ja4pnx9mcyps', 'eyJpZF9sb29wIjoxLCJkYXRhX2hpdHVuZyI6NjZ9:1kKzQV:46hcAYs-jJDgAi4twlz5toy9TbErC4J3f8UQ_rbzeEg', '2020-10-07 07:42:55.448473'),
('w5emarhxduwu3xkmt7qffol0dgar1bx8', 'eyJpZF9sb29wIjozLCJkYXRhX2hpdHVuZyI6N30:1kSv4K:HVurdROsAC-sG5Uix8dnL6Iaq8X0sTcs7ljmoBZ96y0', '2020-10-29 04:40:48.344359'),
('w8wreoaa4un7kin7etohapvwx2za1glf', 'eyJpZF9sb29wIjoyLCJkYXRhX2hpdHVuZyI6NDV9:1kLDPm:gF3sC39gizRJWFGEhPtETGfnuVw_mYuT-WUYKas4xGk', '2020-10-07 22:39:06.570008'),
('wafc7ietyddho24l2j8mho15i2jmcss2', 'eyJpZF9sb29wIjoyLCJkYXRhX2hpdHVuZyI6Mn0:1kNpEl:ZkBNbcS43YhkBszP5BcgG7IZzRkva_z6azNLuw_rvAY', '2020-10-15 03:26:31.886770'),
('wb4ulsuiaporpn5ylgbwwduht0yj0hsl', 'eyJpZF9sb29wIjoxLCJkYXRhX2hpdHVuZyI6MTZ9:1kL3Q9:FdVoITk2YbtQ66xuzXAQRunYe5q_a5NgDFNJTdZJsGk', '2020-10-07 11:58:49.897903'),
('wc3em5s1plpph69an00lezgkbr06xjv4', 'eyJpZF9sb29wIjoxLCJkYXRhX2hpdHVuZyI6NzV9:1kL0SB:vwxun5UNhpUDWstvk4DmM2ux6KlsE6CJKCazDx7lHgU', '2020-10-07 08:48:43.217639'),
('wckv1lz41aequ0do7molqw65fzg6w1e9', 'eyJpZF9sb29wIjozLCJkYXRhX2hpdHVuZyI6MTB9:1kSyUm:4DQXsgf5lgNHieU3eaQOYgoz4PYwjEK7riZ090Cs_v4', '2020-10-29 08:20:20.609053'),
('wfl0j1g74uzo7wl3dpaa6xx7fpg4p3ui', 'eyJpZF9sb29wIjoxLCJkYXRhX2hpdHVuZyI6MH0:1kSwco:_lkJtOLVHvJeiwQzkLoClY3iV87xHlUnxVR08iIsOI4', '2020-10-29 06:20:30.070744'),
('wgcairk6lopz8fr1p3lieqkxzrc1ymao', 'eyJpZF9sb29wIjozLCJkYXRhX2hpdHVuZyI6MH0:1kKaEE:kqnMtmBY_gu41OGlVyZNYw1F78WCeCHnXhHaZEsTjyw', '2020-10-06 04:48:34.224783'),
('wj7qqlpez1crzumzmkbqlvyuloavm5ll', 'eyJpZF9sb29wIjoyLCJkYXRhX2hpdHVuZyI6MTh9:1kT0fJ:xTe9Zkxs_zkqR-QW3KJS9Gcp7o8UqfXnCSSDRBWoSuU', '2020-10-29 10:39:21.135961'),
('wjd1u22h903o2wzw6pk4wkfc884om4x8', 'eyJpZF9sb29wIjoxLCJkYXRhX2hpdHVuZyI6MH0:1kMnol:as-xwRXsIm2m85S5A8nr1Y2YvqqL0vXViDWDDAjWy78', '2020-10-12 07:43:27.043186'),
('wk976uafymrr8fcrxafqnfxzmyrw2gsm', 'eyJpZF9sb29wIjoyLCJkYXRhX2hpdHVuZyI6MTV9:1kT0av:avQVWtJAZ1pr9wzraXEaxy_-PYrr330Htoflbe1O8uc', '2020-10-29 10:34:49.406974'),
('wngj4mmqlcv9zq64vzeiq2p6huhtqxw0', 'eyJpZF9sb29wIjozLCJkYXRhX2hpdHVuZyI6MH0:1kUPH8:Wp8rRDM3mrBloJRHKrv5Fmi2km3HsunQWJLU-ollOkY', '2020-11-02 07:08:10.588375'),
('wnrao0ldx75p7v78a483e5erstlppkdl', 'eyJpZF9sb29wIjoxLCJkYXRhX2hpdHVuZyI6Mn0:1kOB1E:7ApWeQTLVm7IqOKF2NXC-RZwMfdLn0flOe3km8BgYPE', '2020-10-16 02:42:00.334442'),
('woevl0608ij9ng3jx6uzn56eyyfxt0bn', 'eyJpZF9sb29wIjozLCJkYXRhX2hpdHVuZyI6MTR9:1kNs6z:qXSDGbfk0RjoeN0OELJQKYcMxIdj3EGkdXn3sMw99pc', '2020-10-15 06:30:41.237062'),
('wqs3oym9qu4lw3ar42u55w5crrpjj5ri', 'eyJpZF9sb29wIjozLCJkYXRhX2hpdHVuZyI6MTF9:1kSyVC:cAvu8j1Dm2dwEj33-FUwSLRGNIMwT0UzUeGaagYU3Qs', '2020-10-29 08:20:46.578281'),
('wrtkdja6nwzknqwmf1fyck3o7r0lyzv9', 'eyJpZF9sb29wIjoyLCJkYXRhX2hpdHVuZyI6Mn0:1kTGEV:25sg_VnNqdYlwJDnQvIQI_vYLBWt6xxEkWJR81n66Vc', '2020-10-30 03:16:43.293989'),
('wrx3hwdgmh0joujaptb3jrlb99etbtb4', 'eyJpZF9sb29wIjozLCJkYXRhX2hpdHVuZyI6N30:1kLM4C:6-0ompkRE1qJfuV6kDIAG7HY78NcmCUOkktNOIveEzo', '2020-10-08 07:53:24.431680'),
('wxttjsfq807q06ytuqicvffk8t1ipq9z', 'eyJpZF9sb29wIjozfQ:1kV7Vl:HFP7EF0wPDsZ59lVBYZ9YAdH8TXIFt0xqoc-FYmA9gw', '2020-11-04 06:22:13.628717'),
('x3acmibndmbw6rdf1a7enz0y21eaxvxy', 'eyJpZF9sb29wIjozLCJkYXRhX2hpdHVuZyI6MTB9:1kUjEZ:X_nQI6CqPH2aZs5CAhFDC661xtY63niM58zSONuvFZg', '2020-11-03 04:26:51.531238'),
('x423v8temejhqylg0lo9rdajl4hnvc9u', 'eyJpZF9sb29wIjozfQ:1kJy7k:LzwaS_lvZFzW9FtPALbVoh6iGX-9wAsiCdeNDdCyBUc', '2020-10-04 12:07:20.244875'),
('x6i36cougfzsgg9gllw8x4lupgp4mw57', 'eyJpZF9sb29wIjozLCJkYXRhX2hpdHVuZyI6OTN9:1kKycl:aqYJwfvJYf1E9ZQx6VNO0yX1b78nHvtZ_YAcWxJ4ZYE', '2020-10-07 06:51:31.103992'),
('x8pr2nkcwb9wcrn8gz17kiss8jrk2p7a', 'eyJpZF9sb29wIjozfQ:1kT0K1:mcJjKj2QQWiZkq6WJzP6EVpiq0FnjAj6UbdfP6Y3T_w', '2020-10-29 10:17:21.145120'),
('x9lwlwgajjzhxym70syqr0tuc193i0xn', 'eyJpZF9sb29wIjoyLCJkYXRhX2hpdHVuZyI6OH0:1kKFmC:BoxZiAFiA-dGhx52bkj5Ql7bjSfvSJpGnIN7ib5C9KM', '2020-10-05 06:58:16.798967'),
('xah2g8inicc347x2wiquice9gr9ifpju', 'eyJpZF9sb29wIjozLCJkYXRhX2hpdHVuZyI6MzJ9:1kTCpL:0z-ETsfVsAQ33KdwKysRV6qYoVEUB04uLO7HH1bczqM', '2020-10-29 23:38:31.976448'),
('xemdwootl6b7hnt5fc9vq9pr34s0m57g', 'eyJpZF9sb29wIjozLCJkYXRhX2hpdHVuZyI6MTJ9:1kV7cc:c6h3izBpF8QdLwUJdEqtG4y59KOq7UMbGADf-T9MmuI', '2020-11-04 06:29:18.230058'),
('xfeaqlwmoysdi73n0om5wuz6dpz2yo5w', 'eyJpZF9sb29wIjozfQ:1kUjIJ:eaGWSieXy0Y8DBB-oFlmPyxkx1EN2OkPAvd07eUU9Ck', '2020-11-03 04:30:43.119976'),
('xg0zkj4ivvwc6814mo3pk5u43qc13ns6', 'eyJpZF9sb29wIjozLCJkYXRhX2hpdHVuZyI6MTIyfQ:1kL0Yr:QkJyKpC_jpE75WOSk6kxJOgachyheXqUeB_HrLaeAlE', '2020-10-07 08:55:37.564820'),
('xhwpdv3ixqez7owpckc0ia1r2m0vmj0f', 'eyJpZF9sb29wIjozLCJkYXRhX2hpdHVuZyI6NX0:1kUPs2:UT31EFpt0YuzKun4tIZKxcLmo7PsfbDG5VgZp9mDjqk', '2020-11-02 07:46:18.335417'),
('xiie14j1rxhcb1lv3xezeyi8bl9rvxjf', 'eyJpZF9sb29wIjoxfQ:1kUPan:n-X4ny83PC7wuGwLfWOafu-oG1WhpsJkn6oMQXGsJfg', '2020-11-02 07:28:29.836326'),
('xo2n9y9na8pap4v88qwa30sn1etf696y', 'eyJpZF9sb29wIjoyLCJkYXRhX2hpdHVuZyI6MTB9:1kNqGE:3OUnq2Ua25uq2578vO418EEk1wdcQ6XxOY2gId-6BIg', '2020-10-15 04:32:06.757884'),
('xpic5ehub9n96etwko53t7hjjn478nu4', 'eyJpZF9sb29wIjozLCJkYXRhX2hpdHVuZyI6NTh9:1kKyzN:HgcgVff6J60pOdx_u4CrKTsPcTMNUIp-OGwThZCLwKc', '2020-10-07 07:14:53.348474'),
('xv8lr9nb62j97gvj27tfd2k2n1cj7hh6', 'eyJpZF9sb29wIjoxLCJkYXRhX2hpdHVuZyI6MH0:1kTGrX:HR3_e1LyOigIhfPNu5dYaK6_zM6g139M8rUhsTfOu6k', '2020-10-30 03:57:03.964708'),
('xxclppfbowqbv64g96rui7vjyfjdscw3', 'eyJpZF9sb29wIjozLCJkYXRhX2hpdHVuZyI6Mn0:1kKDlz:9idHu9rKB2Gac70J5Uy1mWxfdyEliDLlwIuxWhletlA', '2020-10-05 04:49:55.105983'),
('xz64fnrwclg6wuxyddnezk9vdm2557zt', 'eyJpZF9sb29wIjozLCJkYXRhX2hpdHVuZyI6Mzh9:1kKyRq:WV3PFb4fge6MmCKki45ccouvZSICJGiYmIh7mpoKcnM', '2020-10-07 06:40:14.448533'),
('y0ogfbni4k47awjk276lq82n55gv14g2', 'eyJpZF9sb29wIjozLCJkYXRhX2hpdHVuZyI6MH0:1kSwSP:ARkgXudMWczVcFjxGfI15L1FkEh85a4S-if9y-2mND4', '2020-10-29 06:09:45.195306'),
('y11moaylgvvmfbbngimybg9rpyjmk7kz', 'eyJpZF9sb29wIjoyLCJkYXRhX2hpdHVuZyI6OH0:1kSv5G:leyfVchLCC2AX_FhxxX8HUs6IWvihiASkwoom3QaNMI', '2020-10-29 04:41:46.846258'),
('y4zsywud5zofd2csbrnw1s75lt90iusb', 'eyJpZF9sb29wIjozLCJkYXRhX2hpdHVuZyI6OTR9:1kL3wX:d2I5TpBW-ETZ310gaWaJHsd_rGotLhFK05buuwUz1so', '2020-10-07 12:32:17.890780'),
('y52kvk1vis5243kz00m9ny3xok1fm5b1', 'eyJpZF9sb29wIjoyLCJkYXRhX2hpdHVuZyI6MH0:1kUIcw:3fza89B4NjCVQySl--t0YpUf0JoChgMZGXcNUjkeUIw', '2020-11-02 00:02:14.066125'),
('y5a3jor8mgoefgnok8m81p6satytslri', 'eyJpZF9sb29wIjoyLCJkYXRhX2hpdHVuZyI6MH0:1kTGVS:VQW30VmmVKUDNc5_nzTVxhya-RHHDtFzU8HmMK7EnUU', '2020-10-30 03:34:14.769490'),
('y9b5n06d9iy81rcf0u8x9ohh7o6vskk3', 'eyJpZF9sb29wIjoxLCJkYXRhX2hpdHVuZyI6MH0:1kKaqJ:lWEcA3NcDV4RQnJJHdSxdQm-lacdPkElSuRFhmrwjJs', '2020-10-06 05:27:55.700908'),
('ybpnltczkhxo4z55pytobhij1voimozh', 'eyJpZF9sb29wIjozLCJkYXRhX2hpdHVuZyI6MTN9:1kKGEA:5YvNFASJ37iYmNVkM5R6BOvf3iu3uzXPrm8GTqNa1L8', '2020-10-05 07:27:10.055983'),
('ybwlc6zfp6wdt4up5o751adb7t279ddr', 'eyJpZF9sb29wIjozLCJkYXRhX2hpdHVuZyI6MTh9:1kSzxX:KBMjIFIW21yLqsroaZgIdoJIKhqADcZKfYvMzKhcEFo', '2020-10-29 09:54:07.277879'),
('yec3sp4s4og7usbmfykxsgryiiosdz79', 'eyJpZF9sb29wIjoxLCJkYXRhX2hpdHVuZyI6Nn0:1kUPzd:p7QwYXRj8pTdTaxk4gYYWbhzn40MFFi_0QE1aCYmgcc', '2020-11-02 07:54:09.714461'),
('yehk0qohys41s1oagix90g4he7x6pdyc', 'eyJpZF9sb29wIjozLCJkYXRhX2hpdHVuZyI6OTR9:1kLD8M:C_p-mE1PLEBTDQGbtrmL0AnQdjDjlAsUBCxyGXZWjYA', '2020-10-07 22:21:06.152143'),
('yexpoh4do1huhs4bc764me0hlaj7h0eu', 'eyJpZF9sb29wIjozLCJkYXRhX2hpdHVuZyI6OTh9:1kLDKL:-jFJwOViamlgH1tG0sZbrKgBDgBGxZolr2X3_8u_S7E', '2020-10-07 22:33:29.829264'),
('yhf0pbgivl1n4grpeu93d9ss1u9kgfwr', 'eyJpZF9sb29wIjoyLCJkYXRhX2hpdHVuZyI6MH0:1kKZ1Z:m3lmxJrJqmxMtwfu5qo3QYbdOt6HLcqUrz4SKaytmMA', '2020-10-06 03:31:25.490591'),
('yjpie4t45313btdtg6cd9cykxpcb052v', 'eyJpZF9sb29wIjozLCJkYXRhX2hpdHVuZyI6MH0:1kSwRK:wf6MOV0fkUKcNFYNdyV5FlocAJHiqF0tlG05VtfWrew', '2020-10-29 06:08:38.200510'),
('ykgbhyw1kacywql1ltgz6p2davdbcmzy', 'eyJpZF9sb29wIjoxLCJkYXRhX2hpdHVuZyI6MH0:1kSwex:tzT9VRTpUuw6GCMB_6a7iMXsezUt_ZtP9zHmSMN7Dcg', '2020-10-29 06:22:43.704363'),
('ylgtkfxord3jwgaepwj7ustlxrz43pru', 'eyJpZF9sb29wIjozLCJkYXRhX2hpdHVuZyI6MjN9:1kT0YW:Nv7InuVnkCninGpSh--EAadXh3ZZkE50JqSjRKujicw', '2020-10-29 10:32:20.077648'),
('yn0k8wwbcvirdogkdu77zs19gn7jk104', 'eyJpZF9sb29wIjoyfQ:1kTFDa:XAUO9TNvJDGiR7WFCnuio5crf69dNzi4hAykgOFayEI', '2020-10-30 02:11:42.905139'),
('ynbk84d78cb5y6yr1dvp2dz4z8dr7dxh', 'eyJpZF9sb29wIjoxLCJkYXRhX2hpdHVuZyI6MH0:1kN7jw:htRKZz7eGXC0JkQSvJ6U43Un6FOudo0mb91843tipmY', '2020-10-13 04:59:48.244791'),
('ynvh31pei2665p3qu3m8848eyo093gy9', 'eyJpZF9sb29wIjozfQ:1kT0YW:5EqsECenjLhnW9iO4sPDRuzbTIOccLveeFhSVvt8QBU', '2020-10-29 10:32:20.260651'),
('ypl4rcbwd5sn3p2jynmj6y4vjj784v3f', 'eyJpZF9sb29wIjozLCJkYXRhX2hpdHVuZyI6MX0:1kKZKM:LGzh3fTo4c_8BZbRuJSSW4xwkWmMRR8W0kGLUgo-xFI', '2020-10-06 03:50:50.706778'),
('yq4lzozzg2d966ig2odd0p8z7jab8f90', 'eyJpZF9sb29wIjozLCJkYXRhX2hpdHVuZyI6M30:1kMnBN:HOea3VEL2c7Z5q3Os82sPmS8fyGZ2wb1hSwV17LZVSc', '2020-10-12 07:02:45.691949'),
('yr1926cj7ho3ru445wa8rax7v32mm3yo', 'eyJpZF9sb29wIjoxLCJkYXRhX2hpdHVuZyI6MjB9:1kT0Sd:EtzhajYx9rSpRO4Mlj-klaghAzmLBCQbY_jrNje0rs0', '2020-10-29 10:26:15.890580'),
('yrhy8jsz072zyse9d100e5sjst8mquhv', 'eyJpZF9sb29wIjozLCJkYXRhX2hpdHVuZyI6MTV9:1kSzEB:HLIvENF4xerwsciod9nvZwfPpM-onHV8S0CYo42igp8', '2020-10-29 09:07:15.909271'),
('yu1wso2pq66eze6og8niu39mu7lvrfd6', 'eyJpZF9sb29wIjoyLCJkYXRhX2hpdHVuZyI6MTd9:1kKH04:ee9aSDuQ8KWCAd-HN0-T3Ku4NYxbxTNoRSLQNU3CgLI', '2020-10-05 08:16:40.786969'),
('yuc50fq6lpdi5yf9682dbmatixgzfuvo', 'eyJpZF9sb29wIjoxLCJkYXRhX2hpdHVuZyI6OH0:1kSuU9:yeQFPaLKlIGdR8P8GQtoo2WQNXkANzi0u82CMFI61pY', '2020-10-29 04:03:25.833683'),
('yuq69cjcpj9bppgyc7poy0cbvp2yhyrm', 'eyJpZF9sb29wIjozLCJkYXRhX2hpdHVuZyI6MjZ9:1kT0pn:UXr8RLE37P9GF-JUAZjEWq2iIxWO1EZ3MAiF36j1jzY', '2020-10-29 10:50:11.374988'),
('yyma4bl1f665yds7qemv65ikgyq0j60w', 'eyJpZF9sb29wIjoyLCJkYXRhX2hpdHVuZyI6MjZ9:1kL3kg:pr2IVSqmv9FrQYcPuYF2e89MUONOFSA1RXlOxPh-hjE', '2020-10-07 12:20:02.091046'),
('yyvlu0qqdxm0uc641rbvgzufgfglmdrf', 'eyJpZF9sb29wIjoyLCJkYXRhX2hpdHVuZyI6NTN9:1kKzMg:xMzNZjvS3Odt2_KGS9eL1GTXfs9RniVd8H3dlTEHpMQ', '2020-10-07 07:38:58.628932'),
('yz9ld389qqgkoqm4dzacwrmgx8qkmms3', 'eyJpZF9sb29wIjoyfQ:1kT0ij:nSbJ4X8A24DeFosy_YCSh01Aq2P04AgQq7WjXz1Muhc', '2020-10-29 10:42:53.909111'),
('z2au7e517gj4nx91hejlcwtrtl9fqyh4', 'eyJpZF9sb29wIjoyLCJkYXRhX2hpdHVuZyI6MH0:1kSwVc:vbT_ngS3U_9om1t6d2LpJdGMykJg9b67IaLFYS4qZYY', '2020-10-29 06:13:04.301273'),
('z54f7jxrj4gta2fhv2oebx5ymustgeyd', 'eyJpZF9sb29wIjoyLCJkYXRhX2hpdHVuZyI6Nn0:1kLLu9:npf4nCwnA_hZiQ6WLIziCN06sRNHnplV8OLIoU3KfRs', '2020-10-08 07:43:01.748034'),
('z5ys0hlrgeg52h8a9n4z7kdo5krmg8r1', 'eyJpZF9sb29wIjoyLCJkYXRhX2hpdHVuZyI6MH0:1kUIbj:7ji9TiIHUjKCa3diXUw0D_X6QRqWt3rJpF07dp7TvAc', '2020-11-02 00:00:59.002498'),
('z659ihbn2abhomlipk3dkzj45cx1nyep', 'eyJpZF9sb29wIjoxLCJkYXRhX2hpdHVuZyI6NTB9:1kL3vD:CEWfFfoeWhCMBJZaA1G9aO9VyUoDkf8Uki30HD1KYgM', '2020-10-07 12:30:55.982533'),
('z6te737wiha53qj8elt7qj25gpd5elc5', 'eyJpZF9sb29wIjoxfQ:1kT0pG:lIZk8va-qN5VdX3_T8oIxvgseU-Uj35PnINwhWfwzf0', '2020-10-29 10:49:38.884568'),
('z8aksr10q3n9o5mmgsxzv8jlienpaasd', 'eyJpZF9sb29wIjoyfQ:1kJyCx:S4cBu1KKLX7H2ektsozWWfztBkGamRZld-1O9DxBW3M', '2020-10-04 12:12:43.453303'),
('z98m3hkrobr4xxm7qg29mhfu4mynydg6', 'eyJpZF9sb29wIjoyLCJkYXRhX2hpdHVuZyI6MTI2fQ:1kL0nP:WB3uZgBbNvPIChYQN6ONGzdWJ3pgJesslRpMkCovL1g', '2020-10-07 09:10:39.167088'),
('z9jnvseq31ncx64szy9zjr3yjb0lvjjn', 'eyJpZF9sb29wIjoyLCJkYXRhX2hpdHVuZyI6Mzh9:1kKvUd:0NAn2vR829piZeI0TYaRYEqCLHMCH-XCF93TciniyUI', '2020-10-07 03:30:55.738174'),
('z9xhp0zztfpmrqkq9fo4ivmzdmghxxlk', 'eyJpZF9sb29wIjozLCJkYXRhX2hpdHVuZyI6OTR9:1kLCyP:KLDAFVFZA6P9OhYZquMUIQ_dy5mH6CBBECSKWyYGVWQ', '2020-10-07 22:10:49.200116'),
('zb836dn6ds767orkfzbltxpn23n8l9wm', 'eyJpZF9sb29wIjozLCJkYXRhX2hpdHVuZyI6MTN9:1kKGZL:48a8DcJDCM7nGwlqFuAHDBDzM613jHvy1W8sazsc7CI', '2020-10-05 07:49:03.700676'),
('zfl5vgd6on4fntrzn2l5yi3bcv63apfi', 'eyJpZF9sb29wIjoyfQ:1kTCjx:oPxdqJqhYxW0IPXuIz83cEn_36UiMZaAKedN0cWRbEk', '2020-10-29 23:32:57.227650'),
('zl608xerhhv7q2xaxh9dpbnrhrpui1pd', 'eyJpZF9sb29wIjoyfQ:1kT0XI:wK1WYD8YYB1As3mqNQ5sMlH8zF0LHiq9EgAfzrCsgGM', '2020-10-29 10:31:04.134065'),
('zltn8wir2o6e8p060x30ppmqneziyhts', 'eyJpZF9sb29wIjozfQ:1kJyud:Qy1fMcKy9An7Q023BkOduMuxpNqOH_HJ1Ba9e482K9Q', '2020-10-04 12:57:51.080445'),
('zqrdcy2pj8ax8i6itua6lwzdpnjfx19g', 'eyJpZF9sb29wIjozLCJkYXRhX2hpdHVuZyI6MTF9:1kLNCB:jT4xX7O3r0eXMguSiQQAs6WbpD-9rGw3uOetiYJFFqo', '2020-10-08 09:05:43.187067'),
('zrsk09re330msxv37fxcddsls5lj6joj', 'eyJpZF9sb29wIjoyLCJkYXRhX2hpdHVuZyI6M30:1kOB5n:S8iCp-dj0S9Kg2dmXrBvwtfRPurqwXF0TmTBzEBdwWw', '2020-10-16 02:46:43.012401'),
('zszy7qcusy1bg67xpsrdn0vozwv9930f', 'eyJpZF9sb29wIjoyfQ:1kU3Os:8eFwSuxkFoY7eVhhtbhxJEh1I8BBJUdpJgoZTFC1t4M', '2020-11-01 07:46:42.494081'),
('zulx3nmsa92o5nxts6vd7c6hygljv19k', 'eyJpZF9sb29wIjoxLCJkYXRhX2hpdHVuZyI6MTB9:1kLMJv:oEy0heieCKMRGsl21iJ6y4V2oX1MJfdmr2U3D0UR2lE', '2020-10-08 08:09:39.321947'),
('zvq0830c8dk2nlw70iuosld9zzdjfhsw', 'eyJpZF9sb29wIjozfQ:1kUPfc:JL_Ghs2c-fEc4TCWGacRufgh9atylQbJhTdKnefcNSs', '2020-11-02 07:33:28.118421'),
('zwlix1jty5dfk6u8avukzzt7xflw51qc', 'eyJpZF9sb29wIjozLCJkYXRhX2hpdHVuZyI6MTA3fQ:1kL02z:alTJQrSHxsto7fJnhvCWwoqkkVbiEP_mPdczZzTr79Q', '2020-10-07 08:22:41.300422'),
('zxgiovwegf3t8mr3o8l01vbcox4byc8y', 'eyJpZF9sb29wIjoyLCJkYXRhX2hpdHVuZyI6MjB9:1kT0mP:fEao9ozAjEp5upzuPSYdUyxSx-QC06C_x5DSAEx-KGI', '2020-10-29 10:46:41.521473');

-- --------------------------------------------------------

--
-- Table structure for table `iklan`
--

CREATE TABLE `iklan` (
  `id` int(100) NOT NULL,
  `nama` text NOT NULL,
  `hitung` int(255) NOT NULL DEFAULT 0,
  `url` varchar(100) NOT NULL
) ENGINE=InnoDB DEFAULT CHARSET=utf8mb4;

--
-- Dumping data for table `iklan`
--

INSERT INTO `iklan` (`id`, `nama`, `hitung`, `url`) VALUES
(1, 'shopee', 11, '1.mp4'),
(2, 'tokopedia', 11, '2.mp4'),
(3, 'GOJEK', 14, '3.mp4');

-- --------------------------------------------------------

--
-- Table structure for table `people_count`
--

CREATE TABLE `people_count` (
  `id` int(11) NOT NULL,
  `waktu` timestamp NOT NULL DEFAULT current_timestamp(),
  `kode_hs` int(11) NOT NULL
) ENGINE=InnoDB DEFAULT CHARSET=utf8mb4;

--
-- Dumping data for table `people_count`
--

INSERT INTO `people_count` (`id`, `waktu`, `kode_hs`) VALUES
(1, '2020-10-19 07:33:19', 1),
(2, '2020-10-19 07:33:19', 1),
(3, '2020-10-19 07:33:20', 1),
(4, '2020-10-19 07:33:20', 1),
(5, '2020-10-19 07:33:20', 1),
(6, '2020-10-19 07:38:42', 1),
(7, '2020-10-19 07:38:42', 1),
(8, '2020-10-19 07:40:10', 1),
(9, '2020-10-19 07:40:18', 1),
(10, '2020-10-19 07:40:40', 1),
(11, '2020-10-19 07:40:55', 1),
(12, '2020-10-19 07:40:55', 1),
(13, '2020-10-19 07:40:55', 1),
(14, '2020-10-19 07:41:52', 1),
(15, '2020-10-19 07:41:52', 1),
(16, '2020-10-19 07:41:52', 1),
(17, '2020-10-19 07:41:52', 1),
(18, '2020-10-19 07:41:59', 1),
(19, '2020-10-19 07:41:59', 1),
(20, '2020-10-19 07:41:59', 1),
(21, '2020-10-19 07:41:59', 1),
(22, '2020-10-19 07:42:00', 1),
(23, '2020-10-19 07:42:02', 1),
(24, '2020-10-19 07:42:02', 1),
(25, '2020-10-19 07:42:03', 1),
(26, '2020-10-19 07:42:03', 1),
(27, '2020-10-19 07:42:03', 1),
(28, '2020-10-19 07:42:04', 1),
(29, '2020-10-19 07:43:13', 1),
(30, '2020-10-19 07:43:13', 1),
(31, '2020-10-19 07:43:13', 1),
(32, '2020-10-19 07:43:13', 1),
(33, '2020-10-19 07:43:13', 1),
(34, '2020-10-19 07:44:23', 1),
(35, '2020-10-19 07:44:24', 1),
(36, '2020-10-19 07:46:15', 1),
(37, '2020-10-19 07:46:15', 1),
(38, '2020-10-19 07:46:15', 1),
(39, '2020-10-19 07:46:16', 1),
(40, '2020-10-19 07:46:16', 1),
(41, '2020-10-19 07:49:14', 1),
(42, '2020-10-19 07:49:15', 1),
(43, '2020-10-19 07:51:45', 1),
(44, '2020-10-19 07:51:45', 1),
(45, '2020-10-19 07:53:08', 1),
(46, '2020-10-19 07:53:12', 1),
(47, '2020-10-19 07:54:05', 1),
(48, '2020-10-19 07:56:43', 1),
(49, '2020-10-20 03:56:17', 1),
(50, '2020-10-20 04:23:48', 1),
(51, '2020-10-20 04:23:58', 1),
(52, '2020-10-20 04:25:00', 1),
(53, '2020-10-20 04:26:02', 1),
(54, '2020-10-20 04:26:05', 1),
(55, '2020-10-20 04:26:47', 1),
(56, '2020-10-20 04:29:38', 1),
(57, '2020-10-20 04:30:28', 1),
(58, '2020-10-21 06:28:50', 1),
(59, '2020-11-10 05:51:33', 1),
(60, '2020-11-10 05:52:24', 1),
(61, '2020-11-10 05:52:30', 1),
(62, '2020-11-10 05:52:30', 1),
(63, '2020-11-10 05:52:39', 1);

--
-- Indexes for dumped tables
--

--
-- Indexes for table `auth_group`
--
ALTER TABLE `auth_group`
  ADD PRIMARY KEY (`id`),
  ADD UNIQUE KEY `name` (`name`);

--
-- Indexes for table `auth_group_permissions`
--
ALTER TABLE `auth_group_permissions`
  ADD PRIMARY KEY (`id`),
  ADD UNIQUE KEY `auth_group_permissions_group_id_permission_id_0cd325b0_uniq` (`group_id`,`permission_id`),
  ADD KEY `auth_group_permissio_permission_id_84c5c92e_fk_auth_perm` (`permission_id`);

--
-- Indexes for table `auth_permission`
--
ALTER TABLE `auth_permission`
  ADD PRIMARY KEY (`id`),
  ADD UNIQUE KEY `auth_permission_content_type_id_codename_01ab375a_uniq` (`content_type_id`,`codename`);

--
-- Indexes for table `auth_user`
--
ALTER TABLE `auth_user`
  ADD PRIMARY KEY (`id`),
  ADD UNIQUE KEY `username` (`username`);

--
-- Indexes for table `auth_user_groups`
--
ALTER TABLE `auth_user_groups`
  ADD PRIMARY KEY (`id`),
  ADD UNIQUE KEY `auth_user_groups_user_id_group_id_94350c0c_uniq` (`user_id`,`group_id`),
  ADD KEY `auth_user_groups_group_id_97559544_fk_auth_group_id` (`group_id`);

--
-- Indexes for table `auth_user_user_permissions`
--
ALTER TABLE `auth_user_user_permissions`
  ADD PRIMARY KEY (`id`),
  ADD UNIQUE KEY `auth_user_user_permissions_user_id_permission_id_14a6b632_uniq` (`user_id`,`permission_id`),
  ADD KEY `auth_user_user_permi_permission_id_1fbb5f2c_fk_auth_perm` (`permission_id`);

--
-- Indexes for table `data_cam`
--
ALTER TABLE `data_cam`
  ADD PRIMARY KEY (`id`);

--
-- Indexes for table `django_admin_log`
--
ALTER TABLE `django_admin_log`
  ADD PRIMARY KEY (`id`),
  ADD KEY `django_admin_log_content_type_id_c4bce8eb_fk_django_co` (`content_type_id`),
  ADD KEY `django_admin_log_user_id_c564eba6_fk_auth_user_id` (`user_id`);

--
-- Indexes for table `django_content_type`
--
ALTER TABLE `django_content_type`
  ADD PRIMARY KEY (`id`),
  ADD UNIQUE KEY `django_content_type_app_label_model_76bd3d3b_uniq` (`app_label`,`model`);

--
-- Indexes for table `django_migrations`
--
ALTER TABLE `django_migrations`
  ADD PRIMARY KEY (`id`);

--
-- Indexes for table `django_session`
--
ALTER TABLE `django_session`
  ADD PRIMARY KEY (`session_key`),
  ADD KEY `django_session_expire_date_a5c62663` (`expire_date`);

--
-- Indexes for table `iklan`
--
ALTER TABLE `iklan`
  ADD PRIMARY KEY (`id`);

--
-- Indexes for table `people_count`
--
ALTER TABLE `people_count`
  ADD PRIMARY KEY (`id`);

--
-- AUTO_INCREMENT for dumped tables
--

--
-- AUTO_INCREMENT for table `auth_group`
--
ALTER TABLE `auth_group`
  MODIFY `id` int(11) NOT NULL AUTO_INCREMENT;

--
-- AUTO_INCREMENT for table `auth_group_permissions`
--
ALTER TABLE `auth_group_permissions`
  MODIFY `id` int(11) NOT NULL AUTO_INCREMENT;

--
-- AUTO_INCREMENT for table `auth_permission`
--
ALTER TABLE `auth_permission`
  MODIFY `id` int(11) NOT NULL AUTO_INCREMENT, AUTO_INCREMENT=37;

--
-- AUTO_INCREMENT for table `auth_user`
--
ALTER TABLE `auth_user`
  MODIFY `id` int(11) NOT NULL AUTO_INCREMENT;

--
-- AUTO_INCREMENT for table `auth_user_groups`
--
ALTER TABLE `auth_user_groups`
  MODIFY `id` int(11) NOT NULL AUTO_INCREMENT;

--
-- AUTO_INCREMENT for table `auth_user_user_permissions`
--
ALTER TABLE `auth_user_user_permissions`
  MODIFY `id` int(11) NOT NULL AUTO_INCREMENT;

--
-- AUTO_INCREMENT for table `data_cam`
--
ALTER TABLE `data_cam`
  MODIFY `id` int(255) NOT NULL AUTO_INCREMENT, AUTO_INCREMENT=38;

--
-- AUTO_INCREMENT for table `django_admin_log`
--
ALTER TABLE `django_admin_log`
  MODIFY `id` int(11) NOT NULL AUTO_INCREMENT;

--
-- AUTO_INCREMENT for table `django_content_type`
--
ALTER TABLE `django_content_type`
  MODIFY `id` int(11) NOT NULL AUTO_INCREMENT, AUTO_INCREMENT=10;

--
-- AUTO_INCREMENT for table `django_migrations`
--
ALTER TABLE `django_migrations`
  MODIFY `id` int(11) NOT NULL AUTO_INCREMENT, AUTO_INCREMENT=21;

--
-- AUTO_INCREMENT for table `iklan`
--
ALTER TABLE `iklan`
  MODIFY `id` int(100) NOT NULL AUTO_INCREMENT, AUTO_INCREMENT=4;

--
-- AUTO_INCREMENT for table `people_count`
--
ALTER TABLE `people_count`
  MODIFY `id` int(11) NOT NULL AUTO_INCREMENT, AUTO_INCREMENT=64;

--
-- Constraints for dumped tables
--

--
-- Constraints for table `auth_group_permissions`
--
ALTER TABLE `auth_group_permissions`
  ADD CONSTRAINT `auth_group_permissio_permission_id_84c5c92e_fk_auth_perm` FOREIGN KEY (`permission_id`) REFERENCES `auth_permission` (`id`),
  ADD CONSTRAINT `auth_group_permissions_group_id_b120cbf9_fk_auth_group_id` FOREIGN KEY (`group_id`) REFERENCES `auth_group` (`id`);

--
-- Constraints for table `auth_permission`
--
ALTER TABLE `auth_permission`
  ADD CONSTRAINT `auth_permission_content_type_id_2f476e4b_fk_django_co` FOREIGN KEY (`content_type_id`) REFERENCES `django_content_type` (`id`);

--
-- Constraints for table `auth_user_groups`
--
ALTER TABLE `auth_user_groups`
  ADD CONSTRAINT `auth_user_groups_group_id_97559544_fk_auth_group_id` FOREIGN KEY (`group_id`) REFERENCES `auth_group` (`id`),
  ADD CONSTRAINT `auth_user_groups_user_id_6a12ed8b_fk_auth_user_id` FOREIGN KEY (`user_id`) REFERENCES `auth_user` (`id`);

--
-- Constraints for table `auth_user_user_permissions`
--
ALTER TABLE `auth_user_user_permissions`
  ADD CONSTRAINT `auth_user_user_permi_permission_id_1fbb5f2c_fk_auth_perm` FOREIGN KEY (`permission_id`) REFERENCES `auth_permission` (`id`),
  ADD CONSTRAINT `auth_user_user_permissions_user_id_a95ead1b_fk_auth_user_id` FOREIGN KEY (`user_id`) REFERENCES `auth_user` (`id`);

--
-- Constraints for table `django_admin_log`
--
ALTER TABLE `django_admin_log`
  ADD CONSTRAINT `django_admin_log_content_type_id_c4bce8eb_fk_django_co` FOREIGN KEY (`content_type_id`) REFERENCES `django_content_type` (`id`),
  ADD CONSTRAINT `django_admin_log_user_id_c564eba6_fk_auth_user_id` FOREIGN KEY (`user_id`) REFERENCES `auth_user` (`id`);
COMMIT;

/*!40101 SET CHARACTER_SET_CLIENT=@OLD_CHARACTER_SET_CLIENT */;
/*!40101 SET CHARACTER_SET_RESULTS=@OLD_CHARACTER_SET_RESULTS */;
/*!40101 SET COLLATION_CONNECTION=@OLD_COLLATION_CONNECTION */;
